enterprise_id,invest_probability
000423c421b340c8990c26370445e661,0.7171914
000f621b007d429babe210f5c90c5bde,0.9316313
0025ffc0324a4180886028e3cc874bdc,0.8941647
003ba80166334e988d49abb6e9c24099,0.8595021
003dfac725d94fa6b1e27073d7564114,0.031132966
00420c9a60a64fbfba2b3bd2308cccee,0.66339606
0074550cb3a54f97b3eae9ed8f423a9f,0.08822121
00a4958deffa4370a36224c29dcb4c55,0.8950789
00b4270d0cdd4cf2b7049b4813f0caf5,0.33967906
00c5d47619354f3183c5955adf66dedd,0.040777378
00c622e0ef17413bafe7c71e5cd3dd5a,0.57538545
00d270f7a0264e3a886d71094cce49cc,0.16000302
00e6816b651d4fd59627be67cb827b1b,0.021341497
0105db0d1a1a46aea4f9bb2d5c29abd0,0.9746156
0113281b3cef43b3abc188731c1a74d1,0.018382799
0145cb98e7924deea68eb51b01f23b29,0.8081495
014d3b2ff3b440c49a5fe3bdf7618a28,0.14534101
015782dbbbb649faad6eb500edaa842b,0.08214972
017da107731e4494be6898fdd08f7b47,0.8616806
01913eed273e470185bce952f92caed8,0.95569813
01ebfc85b00d459c9d06e23a326f7dc1,0.24374242
02088a2d0cdb4acebe0de89dac550bac,0.29272842
023abaa8ed2c4f4fba8142e6d092be76,0.95606184
026296bd2687434da75eed60bcf00eb1,0.92344433
026cdab2c9c6432097e1786de0289811,0.92330396
02711c8acd8f46819fc00df1af801eec,0.72631854
0289a2d2588d439d988403f19f54322d,0.8350757
029197a2ba1a4099bee244d47923caf3,0.7864222
029282b05a694f779b754d0906f23775,0.9069175
02a4822325964c18b3df8c4567358a52,0.5432248
030aae6a536e473289181453953846d7,0.86515737
0324a73f0ee3416198500f424c670000,0.3315304
034324ae1cc04b67aa31dabd590157ac,0.8739518
03742a722f9d48c9947d614dc228d2ba,0.98364127
03e3ca90263e49d5a461a38694a4f2bc,0.05881494
03ee955525944927a1b9b28f85119cb6,0.9673996
043f771eb3b24cc6be064e9b166b92ed,0.32439727
0470d8bbb9bc4a27a0d4c337e463fead,0.09820577
04a8eded43654f72a07e75534851b00a,0.8986117
04d764b772a346a3a71ae0a348b58fcc,0.656013
04e7f7a7c7b64caa85fd9b92eb594440,0.052927285
055fa6ee0edb4de1b456c268318c00b3,0.06157017
05a6b3814f3b4fcdb2cda766578927c8,0.047719263
06145fed67184f4a9c87e43062abadab,0.10557423
0624771871bf41b4b28a66112e091536,0.6428685
062ac235d28f4301a8aefef5e930aa63,0.9306888
0673734a6dda4745bf3ec4941ee23ccd,0.819871
069285c8dc6f489fbe73362379f6e2d6,0.45762596
06a59b378143499b9e7d9eddd761d2f8,0.9531976
06aeb090295349be89663968a982cf90,0.88367766
06f811fac3dd45089b8bf3adc6be6998,0.71545124
07393aab4ed745b29d13d2b1c80f6627,0.111190215
074e51f95ffa4efaa573708bcb379631,0.21644215
0758341f667e414199ab2cd89dc126f6,0.09614855
078d8baf62ae4bdfbe9c5c4d1eab3547,0.9830413
079a5a2e58a34ffdb4e5e943b0bc03ec,0.83604956
07be7a5254a74847b877108392394024,0.3108156
07d49a6b98d54cf5bf04fbdbc368af74,0.21433224
07eb6e4e254e4f5bb0f0f594af3c6220,0.0755034
08579564737e4b1880736cba8298a045,0.6438899
087a90cdc3df4fd78228790d190f38c4,0.9587393
088c5e1095364eba81398ef070877ef7,0.10766545
0899ae0f36044ee99f9483ba97030e72,0.85004663
08a1b0da9e074ab180093dc7d860c5c5,0.97682184
08c185f2671043b793ec0c22791d9628,0.60207945
08e2aad06f7244a0a5b32f587003fbce,0.03709384
08e32eacf2ad4a65ac95716a136924dd,0.9869877
08e6f273298648ddb47d1a38f6cd486f,0.58411986
093c9c2cc047443eb757b5ca9adb207f,0.9412692
095f597f146e4a6aa29fca8b96fdc620,0.88684165
09b15864857d4926959f36278ee90c3d,0.980822
09c5fef7b71a4de1bdcb9268f5543cf1,0.92277163
09df943d107d4ea39bae1b0f86dda11f,0.79230976
09e0e3edf3d54524aea1d4f40b0f24f0,0.9351882
09f63e054bdb4330a0fed377624132ea,0.8662766
0a00cb2a2d3f42e28094cf70c5995652,0.41311324
0a0173480e284717a1b9d2e67930d672,0.70180786
0a6077b936954b95a6303619046093b3,0.483965
0a70a7aa2c654ef6abbe254ddb5514ef,0.95397484
0a76a03856194336803ce06feed319ba,0.81031793
0ae3664c028a495d92fc9e72e997c8cb,0.83087355
0ae93a09b7b04b39937f17f54bd5d637,0.8682308
0b1cf3aa96f8480485e708c539d27b9f,0.21644215
0b1f6a701a9d4eee8cab1d9b16b59974,0.17175938
0b38e6a252584926acaba35df4426fd2,0.06732691
0b3ba197a9e445eeb35f4d3080afcbee,0.9862357
0b5088e8ff3a499b91e307f45b8ed760,0.088617265
0b727f00b1df4e1db36ed70e7bf3489a,0.35418248
0b90bbc9305d4ccaa69f76859e1dae97,0.8083482
0b9a4e17626a4628aeddb085a5069cf6,0.20056717
0bb8e894420e4c8c808665ae778cac01,0.8204995
0be94feb26ab48648f58466c5fdd1254,0.04372603
0c184fd5ad7f47f2965bb0cd79e58377,0.08508576
0c306d9b61fc4c4292d30e1a7efd5bd1,0.84307677
0c374514508a4bebb894378fdb617faf,0.36052018
0c51b35a99064a0ab0493cfe31b5d8f2,0.82008386
0c6b23d2ef8a468f866892df01b4c6bc,0.13351831
0cc490a1dc614099b6f20b5765c29a27,0.33181378
0cca96065f334ac79cc834372144444f,0.9754456
0cef978df5034632a5c3512aa5e1fb93,0.13684967
0cf5ab22c0e943fa803385b21d1067a6,0.80438226
0d04ae8d97f44f378288ab6efef840dc,0.17019086
0d8c74c2dcd342bbb5ba09c673282bf9,0.8596444
0d98b9a5e47d428eac5d4504bb3f23b9,0.6290683
0db2faf944014142b52509af0beb35c6,0.8044668
0db4181833a845b0bc8f436515855f68,0.8179271
0debe91b530447b48c81600c557b61c0,0.9545642
0df8860b048847659101e52cfd0ecab5,0.11951356
0e08bca9b8f64faf9d9ab552381ee764,0.071130596
0e1dec3192a34c02ab1bb570964cd3ea,0.544424
0e25000f18ff461bb3eec1012f084bfa,0.23443559
0e3181d01ff844618faad356ad9801c4,0.081552304
0e32b4dd17f649cd9bf987a265aa1486,0.9833596
0e51a9d480a94a66b663913c11381493,0.31822452
0e52486334f243b1ae7053e2a12cbffd,0.86757565
0e735fe3d58b458591905690a97d2831,0.29166865
0e9608f3313c488d9b116681955c2f62,0.06732691
0ea73a63032340d1b9d6a5c6967a5489,0.015255353
0ee80892469149c2b313ead06f7f46cb,0.0937991
0f076651be1740849c9f3809434c7860,0.96714884
0f18b2c3990a40a9a485d9dcdb789222,0.23184514
0f1a1bab075640df8fbd98f0b5299fed,0.95777315
0f26d4313009485abf3023bc3f06a524,0.068795994
0f462e5250aa4d65b8a6bc45b1499284,0.027391596
0fc1fe6c240a429a8719799223d0e670,0.09575849
0fc2daf75507474c82b389ad7bd0fb24,0.9143226
0fcb1c7c22bf4d06bb08f8e31e78c232,0.8703835
0fe06bf500974043af3a581acb6d2f42,0.13262695
0ffbb1abeb8342a9ab355b5a3afea448,0.70466036
1002f3c2b2264a1da77c6662ef045e9f,0.09562448
100fda771d7d48d0ada26f915eb74b77,0.30808046
1016095a04764f04b23934d7d29eddf9,0.98084486
1053f24de27d450cafc8ed0bb5a5e255,0.89587545
1062e7391bdd41ca8cbc6fc1d7408714,0.88943475
106e9e1738144ce28f4e6bf3dd4ba49a,0.4182246
10836ecd8d8e44efad4bca62d98ca0fe,0.05332697
10b90559d8994ac1bd7d3e8bc8b4bd58,0.95682347
10c4ac7471af493592867146c1e90056,0.866586
10d80f96d2b24c7fa14154a537d05e2f,0.08819016
10e32671658d415f8eb5b83cc19d36ca,0.46925977
110b1572d8324c589bfd22a358e1124b,0.0639189
114f140e1713416fab2a91c734ff0b1c,0.23123913
115cdb4402ec40aba8c57f9126bc8747,0.05007363
1175fa85f79c4dd1acb5c215324963c2,0.3690859
11c05e53e2144b68b6184f0734ba178d,0.2919168
11e0226adda648c7a33df200b2a38245,0.6031357
12170a0d4b304b7480a540e5dc76077e,0.47676003
128c9f88b73142978db312e547e2e8df,0.33616686
12c3567ef0e04a69a6108e778d0ba713,0.5336366
130e076845204704b9e4e227e8d6760a,0.8961673
13209433c84644d58259e48ee174f541,0.3802777
13467100f28d4e41a5c8d35e8f0b50ee,0.08582237
1350a5e049334adc8f749e2f83269823,0.1700386
13536e985588431e92cfa75dd7e77d80,0.08358243
135938987bf04eb78821e5bf9cb64fae,0.83468056
137b17ee1bd84c349fb33a5fec723a31,0.5363287
1386f053375848389da24a4c0c9f30b7,0.7741962
13c797314d274c64a9797f16931ad305,0.43050268
13cc0e3b5cef4a2ea0fbceddf868a098,0.04372603
13f85751e2764f9c82f2811c4b5e76b4,0.93026334
14b141a74c854b568634eef68093c8e6,0.14086479
14cfbdb3a2af41378c67d2b94712e6a7,0.033416934
14d59d9c6ebc4bf38999526b91432afd,0.81651443
1512aa639d7a490e88be0eefaf0d5c84,0.96441865
1537b5207fe44b358eb870c4b083f019,0.92322046
153f44fec5924a2ca6c81a7061490099,0.122401394
15551f9d5a354732b407d59093521018,0.86133546
155d5f59c0a54f928d1147aafb72715e,0.91711193
156514e9dc08492c8ceb15802e38580f,0.7612809
15815718732043068aa532ca78fe50c8,0.85015553
15ddec07a1164b2a88390473a7ddccb0,0.76799065
15f1a9ca74564cb7923e4cb06c17a3e4,0.14400315
1606625d12be4a9583a1bbd08ed72c08,0.806816
1623efc67e5c44cfa4a3b30317779bce,0.57927805
1628ec02820f421793bf9c18da416d7c,0.9564425
162ec7498b2d4dae865e1099a61c0bf1,0.8197586
1630319214da4193acbe6148cfa71c2a,0.02884116
1639d16dde714adabaf0b5f258d230ab,0.22059406
164ba904c5e740889304b22b675851fa,0.9265347
165e3a8aeba34b408e90426d136155a8,0.9544296
165e913e135f45fb95b4815789910c04,0.8222417
166fcfb3a0dd41f6b4c1e07a83fbd8bf,0.8528907
16bc036601fd48d3b607743d5b22b6fc,0.13760252
16e90281afa3471b8557342fec08c07d,0.8192301
16f9521d4f484073b0292e33d865977e,0.85242283
173a46f185db459b89bb9ce66800327b,0.5609953
174a42df322d414994b092ef6763c5e8,0.95449793
178bdc0f9cad4420bec3545139ebaf49,0.83087355
178e75a227c54d069f03609083cd7247,0.5041353
17965c68192b4552a15dce3a9e39289e,0.21644215
17a89b67587f49c393617f1209cff621,0.09300343
17b4de8a834d4893b4b0cb3add6bd596,0.31556308
1807c12d9a6f4e7c849719eda401ed05,0.47043
1813e4abb681478cb61818e07308d873,0.8096974
18346afcc6e440eeab66bd01d14d5862,0.637046
18aeca065249421b92e2dee7f2e60719,0.3910552
18c9df3962354bdf84cea9c465cdfd32,0.34722838
18f682fe5b844017ab2ef9015022ae03,0.05290486
190444cf50f848fea3bf3ccfecd1d39c,0.4387145
19169ec86a584c78bc15abeabb41f927,0.12027995
193d4581a046475cb69548054025ac6f,0.3073888
1975a590c980442e8dd9c3925b7bea30,0.8014627
197986a4366b4c59a80d03867d35b32a,0.11663445
19bc829f3aff4e08aef2c3f8d55593f8,0.9655388
19c6cea1e85648ca91fcfdb2b011a5e8,0.6984033
19e53e76b64246c29b7b3363d01843f8,0.5433123
1a077c96b8a74c2c8a425471f7b17b37,0.39653832
1a1613da19354ea9a36441ccb79c88b1,0.57718277
1a4bd6b27de04faf8676710ff3fce1d3,0.4866893
1a855c28fe7f400284a5484b6d972086,0.9167271
1a85a93ee3994834aa37491efc53b6ed,0.15461752
1a8989b3d79a422b94161446b9ad8064,0.95314586
1aaa4bf40681445fb4b732b14a79fa89,0.7678528
1b0a0cbaf06d4640a942a1748ea56b76,0.173498
1b5443b24fa54b0089c88ea2f66bdfd5,0.7828545
1b7899f840ba4c1d9b9c44ed85722c2a,0.967057
1b7dfc99012b406abd59a008f83aa182,0.9252857
1b87c38ef0a8441fba47e051b3129ed2,0.09546282
1b91cf0f3d0347b69783c001bb923229,0.6753458
1bd8af3544074359b9d211c2210129a8,0.37742475
1bf42e6ffb74460d8c67f2fb5e6ac7be,0.034910634
1c059e52fdab4bbfbdcf3cbd9ef94669,0.124621026
1c43dda1de81495db7c4ada906f83ee7,0.9708266
1c85b33b13a144d98d83a9c244d53444,0.7709889
1cb7844ffd1a4167bd95a76935c212d2,0.77012146
1cf4c3c69c0f4460ac0fcc6b46010daa,0.19791274
1d14dc04aaef4c48a1036b93ed34061a,0.78297824
1d5a6e093d474e85af2add01f938bbbe,0.1266253
1d7dd9e09f974fcfa4dbbdf7263d3181,0.8904053
1df5a4239b3d42e28cfe6485228241c1,0.84901345
1dfe1b0f14cd4bc3b6bc7138ac2ac866,0.94949716
1e13a5952c024f83984cd4308af6db2c,0.17911363
1e1fe60b18fa4f26a0bddf8f6d0f86c2,0.55126286
1e33e4c1687b481a866a92ad82dca4db,0.43810347
1e50fb1463ec43b080a645cff0898512,0.96347356
1e5a58824f344e58ac2ade8cd0e34cf0,0.116748035
1e9eeb327c57401793725f6bcbbc0872,0.9816527
1eda1d1d07064a5c875aa8a868738850,0.079026
1f20f84161bf4271b88cd13fa79f1a8b,0.98947185
1f2a8776cc82457dbd37facdf3695d78,0.07447661
1f382eea9ef44edb9cb8682ba1738834,0.94078624
1f886b03cf53440f9ae18d309b289bcd,0.90515625
1f9655beedb740e48ad27c73988d5987,0.9192984
1fbb510681f745f8b08905b220d165d7,0.406873
1fd2b5532fc34167a058af969b43f8c0,0.8092165
1fde3b7031d04f7687fe3bd8dd666355,0.15003906
1fe10976243c4eb995aeda3826124cef,0.9083092
1fea03050e1c436c9a0c2a3928325d98,0.3822945
1ff6ce51a22f47d199daa923fb9a39df,0.26287466
20050fc88c8349308a447972624253a8,0.06553683
20147c5469e944c79fb6baf3be45bb0a,0.9771178
2029cc2afc384e6da1ce00f2f013a102,0.33058155
20a9e351ac934e3eaa748267757863ed,0.12803824
20cb779612a84066a2e0bd224cb49cd5,0.8840947
20de367d822647359ca1621affc24ec5,0.94177556
20e7c387dd5b4af18806a269d7ee8e6d,0.7611581
212a3bbfd68444b09d46f0c25e20948d,0.5640862
21432747aa8f49339a3e27f3cf72a2e8,0.011039951
214dd2a799c3408e956009f5985dd346,0.44198665
218a7ec43deb43bab727acbf2197779a,0.9741046
21d797e9f1914d27b9f1edd2178f228b,0.19418757
221b10a601d647ac9beb15e61dfced55,0.9369124
2221a0fe3a6e4f1fa43d7df64ae1512e,0.8430329
22355b40e6c04f069c640cda5d320ef6,0.14591664
224eb557f5ed45e2831baecdaea82656,0.67521536
225d2eb73179459c9e38b817bb6a62ad,0.97419983
22653c47ddfe4ce9bce0f963d2b5e22a,0.695386
22905deba7514cf1b4dcbc3dee048286,0.7834366
2291f17874b444bcb91f7a46ae713150,0.6184639
22a07b8ce2b64d15901700d34a4a5740,0.11663445
22b4f20f84094d51876c66e971145fc3,0.0903233
22bd6f65799d40b0a248ff6f719edb24,0.0576327
22eea9a2e6bf4f61bec3220ac0389dca,0.7486319
2308816e67544701ae364d79d3f8bddc,0.091315195
2319327a56184c969422b64f542501a3,0.93677014
23523fd221f647af9242f47c961bf846,0.38667765
2365ab4ed7e241d49b3787350f8904e2,0.96975607
238880525ca24acd8b2d374ee29fb0ed,0.17058508
23a8447e6bf74b5699d32a8c772f24e7,0.92264074
23d1e2d328044144abbdad77e4038928,0.8876596
23daf593808741239f58bea854dee90a,0.2437282
23dcb0c132ad4b80817ebf17a5bde42e,0.06732691
248c3f088b3a4d3fa6c583687dc013e6,0.68248963
24a70f3f5d214920bf30c9f187c860fe,0.49510708
24ab518ef5034dddbd51e067dd8e3ab6,0.02884116
24b70b85abb04d3596cf2d7fc9c65705,0.33091697
24bfac0e63484edf9c6d06e3509a851c,0.12000488
24c8eaa28f084a45b5fc71a6c83a4137,0.07722791
2509aecefd36449393b81a6036033d2c,0.6777209
25c29b70a698488ca5b90a73e3cc7b65,0.3994583
25e4e458653d4d2582f2d606b3b4e25a,0.9833908
25ebe9ee669942969b5a1fc7baba16a4,0.12257794
25fe8cd4bc974cc0ad3a3caa8a9fc565,0.42026955
2604bbb218d94729ab69401ff5cf5e8e,0.7933162
260db1a4f447452fb2786a04e8eb1027,0.15142335
2631b24abbad46aabf7d554627005936,0.06754319
26935acdd0124f6c9be54df76e77dc86,0.079026
26cf1fa70bc14aa59a0611436d8e0290,0.7869095
26f044b04d154fb58f7e02356ae4658b,0.028089566
273f8ac9bc51445dbd885106fb0fb590,0.17715001
274d4b0846ed411494b9838bfd52f802,0.9617627
2757f754c7f041c79b223d57c7b5b6dc,0.41128758
27676776938e46458dd4b63576f4c7aa,0.17731038
2776f49376354aed96a5a5583acc80f9,0.58606887
279f356f1b104a67b48a68279f97bbdf,0.81482714
27a0dc48cf0c454f9ef2fbfc22a64312,0.8787103
27bfc92ccec7425d94d3281738182ac5,0.8403493
2833fbfa757a4d7cb2b00bee3351c372,0.536285
28977d884fbb452c8a682c19fc0aca94,0.70755434
28d64b2f7d7c45cf965295296f6fd37e,0.53846246
29634c280b1940ebb1d39558514d878e,0.06732691
2965dcb2c6094189b16a18308d7665c4,0.4390568
29a4a27e28a14bdd96313aaed9bcedd7,0.25649118
29bb8c8e1ac7474fa84cd7c10c3ca33a,0.7047054
29be48ae734e4521bf660234838201e6,0.9596476
29d915242a3a4df5be77f71481403d93,0.5934945
29fada5fad604d6389a13f0345210058,0.18299235
29fc6fff043c402da68467e59792622c,0.44658813
2a114e4adfe34eb9a7d6aa7cc57db1dd,0.21057872
2a11a6caa12c477f98793d3ac585bfab,0.95740974
2a53a518e61945d29d3362b291847533,0.08962127
2aa1c6c8146c49c18310b61585dd5dbf,0.9386758
2ad42b6a36054afe82b6629c488c35df,0.5604949
2ad9cbedac294420ba93c5a688c1267d,0.08484556
2ae00f4d39f546bfa694eaf3786f42c5,0.9725346
2aebef7862404fe4a2b1ae8b9e2c43b3,0.10598535
2af34659c85b4ab9a0f635a61536725e,0.449371
2afef1ddacb1423ca9cdb3a3413d408f,0.09526126
2b0f5187d0af42d9a9c4669ae9260fae,0.8423396
2b15a022bb0e4bf28abce1057e8eec02,0.9567379
2b1d2b9957244b57a4d2103678b1ed29,0.86048716
2b2a11dd0d224694872ad9533cc7144a,0.12662923
2b338e6cd6884eb7a68b64cd894dccf1,0.04554406
2b391332e8b344d08132683190da9d2b,0.9270328
2b5af45c60dd4fc797b374d814ea3bec,0.9824265
2bc5c278f0a2460797f2756fdafb05f0,0.97980505
2bd85faf0a8e48b39c705bf22c31612d,0.0642937
2bd917a9f3794ff38f0de7983a76195e,0.16417216
2c109007987e458d88b80010496b40f9,0.24089684
2c1fb68a845a4daa96aec57c40ce1862,0.6295097
2c7052ef216f4588822bf67e07e16a2e,0.09163064
2c91e58e37c34f17922bb7c8f19562be,0.691936
2cb1f68ee678461a814114f1ac742077,0.9839923
2cba85c8b2334c7f89a0d09226e73df1,0.1302346
2cc5a87398554fceaa8479d6ee47bbed,0.41960177
2cd7db4388624e01a33c7557e6c7323d,0.16000302
2d025f3c370a49c98e80ab9562770f49,0.94740117
2d1bd67e37674068bb863ff220f2dd0f,0.919794
2d258663f5e348899cc71d323975aaa8,0.73017186
2d42940cee96400ba3f5744be7226c7f,0.59165573
2d6713cd47644f90bbe51daff0f1e93d,0.06732691
2da232584b934fb1a5d62c242896e3a5,0.74887073
2e083c1e437646259e802641cf29e45f,0.2535786
2e10b37a95ec4601ba064a4ca275a8f1,0.18868764
2e30ad80dcdc4374b6d47c0aee9b1a78,0.87358445
2e3a16c6db424897b44fdd32a518bd4f,0.9199429
2e4db5252c8a45b8b794cd1162716213,0.2170595
2e5b7f7aa76347deb7e938895c31d138,0.5303035
2e76ea9bcde04b12bb0c3bced6a66c4f,0.06732691
2ea0a03f7d0a42e387c625830e719123,0.052195154
2ea863151ffc41cbbb42b18329d0ce14,0.95082974
2ed247686b7f4959b614cc523e92585a,0.35058177
2f2df782bd724fb6b8a93187840b1c64,0.34802118
2f40a18e95164141a7e6e35436be622b,0.11524259
2f495d2050134d0496d8d307b077cadd,0.12675072
2f58c46b52334446830a79607ce8476f,0.8551376
2f7745bd020e4caa96522d84f4772662,0.11553337
2f9722de177348c7bb0e7426ece72f54,0.95615155
2f9e0d6040704d0ebe973f72e4d4bdab,0.6853925
2fbb0f14566d41f184a85541fe60438f,0.3794613
2fc2b3d8174b4fbc8d1068f011c488b2,0.1198925
2feb720cfb364082be62d8e23e75db21,0.7571574
300cb5d5127640a8b083f045c810bb06,0.06295519
30173a6174474dae97e66f6481fcd280,0.8487003
302694f300634c0ab3bf967144596cb0,0.100736335
305a8296b794498aa7b4e8d9c4a5ced3,0.8471077
30626865bafd4b3a9afa042167d39155,0.09907652
306f80f0284542df95e6b1710fd69b2f,0.47467348
308b2feefa7c425283a1dfdb56aca8d9,0.910542
308ccdbf882c444da03b41c2d5711d18,0.89656824
30b71ca624ad4428af9c146c74c5689d,0.8857072
30d34ffe0a99465ea622c91c73ec9019,0.2596089
30dd4463854445c9be30807e9b4d60f2,0.41725102
31086ced71054e5e8d88e4b9294ce386,0.18136084
3128224d21034900b09c417945640b05,0.85094595
313cfaca0854408790ae3477da635f82,0.21873952
3155c316f6594031a7611144c6a03041,0.9225762
3159583a04a84709b654a472212ea646,0.62418395
31797d6adf2c40b88d216678e86dd258,0.959516
31a4a02a0a6b46dc9a51a9c7cff4ecf0,0.9876846
31aab61ab3c94955b84fa1d3de234b29,0.90195924
31c3c4c2f7c048269c422c4beaf851e3,0.0539449
3214929b90bc485eb5b1605c862db9d4,0.9244488
3256d5e9e61f4f5f84792007a264b07f,0.9668629
3272ee00692a4076849c48b16335d1e2,0.36685276
32744479e89b4961880ef9230ee856ba,0.85872436
32770ae8c8634ead88a92a5a0687d122,0.9633557
32819829b2044a18bf4ee5555a72acb6,0.035042033
32b4d0ca296a4bd1b305fa9d9d6ab85b,0.9495395
32c6988ea094420ab0ed2cc85b05e476,0.7591037
32ce9b1aa8334fa4aa9fd451eb9c3452,0.8853659
332fa8e41f554bce8c5643ffe3831ea7,0.9823078
33545657cb484cd18cdd2bee8759be53,0.15335655
335c34350c734731826042a87b2b6508,0.9522402
339b96847cda47eebbccc35d3eeb4c23,0.12252614
339d0f62401a4a26a9e3e7885b8b87dd,0.43341228
33a030017da747dab7440478d65eb6a6,0.9661826
33cb4a64ea1349e8830839f1b2356aa3,0.9654636
33d0ef6b05f94328aec3759654d15e7f,0.61317366
345abb07de5d4a418f800c74fdf06649,0.0539449
345b8018d5fb4011b6f4849aab24ed15,0.6073556
346cff9a48a14f4fa11f05eb1c461ae8,0.6500732
34b5335fa01a47e196680b0302e5899f,0.49008885
34ba954f30074b41bc7c8f9c438d8470,0.22611986
34bf80f10eab4df0b89b082d26594743,0.7228744
34c233c00fda446eaecaf615da464da9,0.60574085
34ea9c54c38d4ba484d466a8d17a3467,0.882196
354d46561aac40d89b61830a43f9eda0,0.9037154
3555066d20b7471a970aa9029cd2bfd1,0.9252799
35650cc0e1a3436e99fcd2353ea96e9a,0.9306998
357d0919e8d94ba8bb645270ec97da10,0.9799653
358fd5380b5145c490ebca055891462e,0.10439225
35c6a09031eb42bdbb636bea02469042,0.636831
35e816184f5e4b2f8abe16f3585eac4e,0.95993996
35f05cc8c06440fb95f9e90501760a4e,0.20568928
35f0742d86e546f697b9abfee0062f36,0.9214749
360955fe12c34c0fb3abaa7f6e9150e1,0.21292375
361cf37b75494918a805195df7aabe83,0.860612
3626c4da28ee4c5b9f4586fa9ef7091a,0.09473667
3637e37db93e4a44aa023b16bbace028,0.9410597
36993f4176ce4a6090a84ef476db2a9e,0.04372603
36b07deb57c34f68b876718ea5e659e7,0.28947616
36b97c3a99ca4979a46442e0daf7a1f5,0.18839331
36cb420b25e545199cbaa9be4ba79c30,0.09906558
36db4e53233e4ea9bef3a9a2ec7a5a89,0.020280762
371da0b5ad674bbba6aab7a48e3f0d07,0.69273823
37464cfc7c234e8a96efcb128509a54c,0.09072407
37d583a380ba40a9bd50ddb3075eecfa,0.035042033
37de2389be4c4263a4fe64d90a67c620,0.6038337
37ef83bc3b2147369ba99b11ffec91a0,0.9729984
389d0a88c6404e04aa96143f5d992525,0.9654508
38abd1c014ec41b6b96241a1125d7af2,0.7582206
38b826d1edd14c298995949f4b49a0a4,0.11951356
394db58931944971aa062ac88f580bf8,0.773972
395508811b7e442688cdfe747c238f63,0.4736545
39adbea2fbd74a258dd80289dd8d0ac1,0.910575
39b6cc75f94b49d2ad7f10a18373e82d,0.23651835
39ec8a49c6c74f5aa7a3c675c4a9a5dc,0.9321781
3a5979b33e164253848d97253788b046,0.03290133
3abc13924b6e426a92e5cb987b528e05,0.0645377
3ad3d4d0039d420cb8a4406503036b86,0.56486464
3ad4b490a61f41869e3ecf274b85d4c6,0.83439064
3adb681f4ae74614a2c31055e2581adf,0.8647817
3b06744f0d09472c9fc3631d268b6b9d,0.65398747
3b21807018df4bf58ae0826cbb072906,0.077568
3b2284f65f7d45848add6d2067c37ce9,0.60333276
3b5a86e3a5584681bacc392ab1f2e30e,0.16549486
3b8ca726ca0743258d0316908775c7f9,0.7110599
3b9173277b96411990eeb942f75aa1a4,0.07447661
3bb8342fb3d84975a28a1cdb81145251,0.06732691
3bd0e9efab72453cbd6a1430f6d552a6,0.7484711
3c1088295e454ed5ac1ac8a4908accac,0.71825236
3c14195be17f443198486daf6697b08d,0.75272113
3c299c96f7aa4a2997fb915ff4005fa1,0.9063877
3c49fc75af714f52af07f5984baadbbe,0.06732691
3c5f7cc21fa54d098661493f5b53590d,0.041977037
3cc094b6ce3844f795fff92fd8e38707,0.9376922
3cc8fa43b9444212920ba5b2f6d21d36,0.13201609
3cf0d26902e841e2bc1a512cb2e8d33b,0.28708693
3cf413cb694f4695878cc0a44671cc6f,0.07447661
3d0f1661084e45c597715e476d2785ca,0.38229302
3d2969f590f04e2581c6424862712cbb,0.5831958
3d35cc0331d242c89a2f2e2265c6892c,0.6498231
3d398274988f49e38a6b83fa9a44c8ea,0.6567496
3d50771bdafc4d8b8fce83867e99bd9c,0.11951356
3d56abc8765c439592aa98133406c63d,0.88258344
3d6b9df7dee942129544d1e567e916c8,0.8758527
3d711d2438744a7988b1167ec7acc3fa,0.91002303
3d92c24fc76347b8a5ac6470611b324f,0.010055662
3db98fb4c8874eae9ce30d856e2c7fb7,0.47471473
3dbbc6d3081749f2998098fbb488f499,0.680874
3dc912cace244714bab79ef63f86c244,0.46472335
3dcbbcba77774df7a859b9bc0605d1c7,0.24852036
3e0d24d8213c43439abe0525bac73fba,0.22596706
3e2612808b6a4ffcb8fbd33517cf8b88,0.9841775
3e589fac204b43eda2a12137b91548fc,0.17606565
3e62e71bc4b540c9995dde9212a5e9dc,0.9729908
3e6cee154a4844cebec6f52dc9267b6f,0.12815326
3e7966ac0bb84e8e9ee256b1bf61db03,0.79716235
3e84e0394dfd42a98316c8b47fc1f9e8,0.19084163
3eb190dd25564b8ebb4c93980350181f,0.31051198
3effae6e5fa34b0f94372a230240d744,0.85379374
3f080e18826a4402af1e0ebb23ef33d2,0.94646305
3f3e56203ac34bd7a2f689b4430c377b,0.04582632
3f6e39c8ab5242e891c8568bf8a62d54,0.13634971
3f6f34634c25404394415c30def26f9b,0.2990332
3f765858927847bc9382eb66d8fa12dd,0.9545642
3f851a7ac2374af68ba383a286ee89a7,0.52255714
3f8b7bc30d4b43f2ac43d33a2f7e398a,0.2366407
401a55131dba44ae939c133a34a27c78,0.04849979
4032d93c74d54b4ba9adb514e51539db,0.44233644
40455756d51f41f788e2331cd23d7f89,0.89378446
405f94cdc47245a4b7e7fa8b37d188ad,0.38153255
408efc4734b94509bec2d601b2b043cf,0.92209053
40bb4e11e37347819eb8ba880477e713,0.95803523
40bd95ba2a254c4ba0a1df1ddd7ae081,0.66753775
40d852883fa2469987f8e4319cc3529c,0.8926676
40dd14b2261048fbbe8b202824286849,0.11678478
40e212030bbc4d789fda0f6901366ad3,0.43586713
411a31c5dfdc4e0390aeee2f099c8a1f,0.9157145
419076c7b5f149e7923be2d3120eb08a,0.53647524
41c6cbb749f34294905300105153ec13,0.34263247
41e50f15ed344e0ca93444ce11ae1bf3,0.7140189
41f0bf7393ac40baa1a00c13812d95ee,0.20647499
41f3139a8c574729bdb195aad7914643,0.7712694
4207d6696b954ca9ab5775c95912a213,0.785429
424fcd031655428289d89b63b8918734,0.7200339
425c647bcaba46ad9798f93e3c67ea6d,0.7911714
42914bcd8426416e998a7d46b327de84,0.04372603
429353cbe67744af834b8309a27bad47,0.8113623
42b009f344044e1380631c4f4e8b76f0,0.8749848
42b6017b0d75427fab3374e32d354f0c,0.21644215
42b780bd1ef145ceba452662c19b67b3,0.0602263
43128df5aaf740e1955bc197f4f9455a,0.63509333
4368ef0649f8491982f2209f6cdcd912,0.11849005
437987b7cafe4007887ce2a18a6d214c,0.46333686
438e2b053f2e4342a22e54c7e48e7e85,0.4532507
43a8b30a22d0459f9542f4eb341f2d3c,0.12688008
440a9e10e39d4302a198a96f2d120fb0,0.9265347
4421ffd6e7d54f7ba0d4d5e07596b5df,0.6684314
4468344d544049ceafb3d25b061d1fbb,0.9856908
4498183b94d94e8783674241c284c4ea,0.85872436
44b53995dc824d85967b6355090fe98e,0.90662944
456c867abc7c43c996dbc13a4176b96e,0.9725184
456d3ab34f0149c5a488c836968ae6ea,0.34597722
4577f76fb99346c7af24d144f972aaa3,0.19404536
45b373febcca450199bfa79875a3c65a,0.07343924
45b8f965601c4724a5148403a0f7a480,0.79777527
45c36c521bcd4dbc84d23a20b1520b4a,0.8772328
45db83f618c1490f8f06f68fa289c855,0.04372603
45ee3875753b4f059e30b0c92ae85285,0.08875695
462dd4a8c4a64325bad2acfee4990d02,0.17448373
462ea34cd6b340b0941847c3767ae802,0.36478996
4654712499624cc297382b1979df23fe,0.11668869
46751c9877d64bc6abe226aa52c4e8c7,0.97238195
4682e344fc544a3b80a1c5877ba1e602,0.8446735
46e453b6e88a4d8c8514644d083a114e,0.8689094
46f854efd43f42c884ee030b63a43313,0.8028875
4711e067e8d64e3480d99c0de16c0155,0.9555369
473e99351d684e749398fafb080d316c,0.7517177
47e0bd3b36244f1f94fd758c4b932291,0.3824971
486e9432a8704852a9bfd7b0fd8aff0e,0.14127074
4876285886e342c8b6b9b3c29dadaa23,0.07917192
4895bf8c230341a0a7c0eb71f65223b0,0.717307
48ddb50ce829416eb156ff0d089f9384,0.7178484
48e8fddaa828482db5c3fc0e12e3f506,0.91466653
4901eafeb80b440abf555852e773db05,0.034789633
490ecc4541a94f3e9a3a6fe66e68e6f0,0.9044002
4918f98a82f743a89d8cb240381cb045,0.6783338
4928ab945f234a13a0ed0aab337fb8fd,0.88813245
492eb5f5827746fbb97a27285cba644c,0.08582237
49469e00704740bea10967b96789fae8,0.79338205
4957be697fe343dabaabbbcda43af943,0.35938266
495edc5bdd3b40e696e56b802aadf69c,0.36309204
496688e79fb9468fa51e7e6c4faae602,0.88535047
497568c9ff7540a8bc00fc0448045975,0.8030021
49a11a29c8824aa294643df43e8faae3,0.58717877
49ad95017fb1472d8064a1d83b5afd41,0.30818596
49bc1d25234448daa683e7d0fd79f962,0.91616315
49d0e537da77469a98006210a2ec30b8,0.1300312
49e7a2e842d1413996c09f984a462f0d,0.64527994
49ea248422094a3daf3462d3d31f2188,0.97736585
49ef5182e0094d4d8fe8d74ab1dad774,0.95773387
49f5d45e81634924a55eda434fa30217,0.7495618
4a08f08b8d8b44448aac0bcd478cc847,0.08676391
4a434a9efe704e8284c9a06ffc5c6f32,0.9745389
4a4ce2a83f774b88835cd275472f4516,0.9561271
4a5df341321f407db7ba3a13c3705546,0.3314224
4a94794b079444288206c877b4de499b,0.06732691
4a9d725867db467aad52967bfe55bd2e,0.04117471
4ab06870d7b84bccbc7e152637f76937,0.3625105
4ab375e72a9b49719b9968f721443718,0.4176325
4abd8498bdce4fbb90ff0e5a98604bea,0.52138865
4abef8232aa84d4f967935642a625d52,0.0846743
4ace36699b114d62b3d9aa081e6a7108,0.92062736
4aef75996bd140b38a9a8218e9f34f0b,0.06732691
4b012b7b92e142b7ba6c9b3be2d30de0,0.9418418
4b0cff5c05644249a9d92ee502f702bf,0.724673
4b363552b8ee46f391654bea2bb1e908,0.7492532
4b49510124684365ad96aaa358f2ff63,0.04372603
4b5070f903e2428ba568034c5fb81901,0.2366407
4b5ccefb89844f8aa292775813a77cbc,0.30419305
4b6360c157904ad3b5102c2e6341c2cc,0.17715001
4b6cf10b060b4b1ca400cebf984febc1,0.04995418
4bde916e5a044d11b04c587895ca4d09,0.92823505
4c1ed77bbb754c01b8c99f0315712395,0.21351282
4c4f46984d9548f99281e4f5e39151a5,0.34047294
4c6e68f250714d78b0c3a8d020439dda,0.7561373
4c7fb1a73bf94714b9df4ac17cbb75c8,0.94170177
4c8f219fab144bd69493a4398380e83e,0.6892825
4c9244ed53944ba88298be2f75d44a36,0.9456187
4c959fee376e450481d5a132b9a7fbc9,0.09771996
4cfe91b28f4b417298cac28282339a61,0.06732691
4d368f79a6f44cf48bb6cd2a28db5f27,0.04587004
4d446808372046b3b04502ff799c1f45,0.98660386
4d681af17ceb4913b0c0b2f3a7233661,0.2167907
4d7907097d864f2bb71c143b666ee933,0.9589123
4d903a3e13234c94b27d1f65af668d6e,0.36589798
4da906c939c143219f8b889c3b24c989,0.30927804
4dc7c79c9fb34044adc34ad7ccc96a40,0.960305
4dea4e08c2514a3a89db1b93fb75844d,0.8455937
4dee21ebcc834542a2a8298248794048,0.81439656
4dfab2bf966147038971310be9a25b56,0.3912435
4e1223cf04524b0f8f9d8271d30a4dff,0.8389454
4e1686f03c1d47448c1f39db06848874,0.6945481
4e1e3996e3dc4924b1c09d8d9bb91bb2,0.9620183
4e3cdc4bfd0f45c8ad9037e49d024732,0.95752233
4e637b75fcb14ac9b3c03356511c50e9,0.24372016
4ea4d5beb0d8471e915b3a93484e5474,0.051255118
4f50d69e3bd345e0805e031fb3a2046d,0.27543026
4fb6d185d86c4bcab013b58ed22dc3a7,0.06434893
5018d47ac6b049e289d23344098178cf,0.8978153
502a9e352db7472089d2cf2b742c9205,0.12106406
503351b1b2c3461b8f9c0f01a1adfb6e,0.039438628
5043d5e5530e4ccdb519ec541900b394,0.40810004
5049baa8abdf480fb61c476ef13bd09c,0.31080097
504d36de08f740ec92011838027c6efc,0.6616987
5082804cbc1b46c991fd9724dfe298a4,0.15608436
5090539e606b4f708c0411c748e08e30,0.050817236
50a41b74bf7b42f8adda6b31e7f38ed3,0.76547235
50bd94655e4a4933a23973627d5e2451,0.7462131
50c7b33de118452d8873c7be5298a78b,0.6744384
50eb6a69528348df8d16f5c6d6172386,0.15525617
50fcf36e7c884394937a72c8465aaa43,0.27325505
50fed1af0d6d4b898dc4885da922a3a2,0.8476368
51127dced7f241579a11cd7b19a2c63a,0.16360223
513258b53eed409c8b911978fe022867,0.70173234
5179acc3965e4a728ea4498e1011e51e,0.977234
51b16b15a7a94accb5c1f5f6642a2206,0.02162373
5242c547a77a4bae89f7889454ed1a4f,0.76538575
52583bea34fb47a9bc666eebf41a10ae,0.19242813
52589e03bd09453b9e4acb370e36dab0,0.07600819
528e7a8125054fa69c87c9fe91ecd3dd,0.7347583
52a48bd8b51a45338bc2f194e874a47a,0.18348742
52d28762949a40a18d206a530fcf35d1,0.60614026
52e1ab30183b4776b0a49950e0463adf,0.91435665
53057892e28443d0b42dffc506503f5b,0.9181898
533efe48ed2a437bbc41445f08afcebe,0.6295097
53540be0748a4515b0f365b853dcd29f,0.048491757
536a26a95c924afba9db0ee5e1001e5c,0.52896315
538e52aeef344922a5f72416ef3fe993,0.82349086
53995f2690614fac8aab2fb1a8d6a2ec,0.6631635
53ac9f0df9364640b86575563e72aab7,0.84981227
53cdc62f71954f6591940b84244959f3,0.79024523
53da9adc57e74f7d8149868fa003fb82,0.6985136
54351b44354744fb85f3e34596f9a754,0.06732691
544b223dde544c688c440a4b3b8f7e08,0.7823106
54b27b5fb589416ab3fef5a4ce3d6170,0.81364447
54c1874aa9d848248337d08507635be2,0.8270622
54c26153711249bf9510a3defc7ba8d9,0.39706302
54cb4664380f46d1989d8c170337376d,0.8045876
54d185f853e14b9d963f0b19fd15fd9d,0.49449557
5518cef919124c249f7169a12eb320ae,0.96469474
553a13d1c01549a28c6a691802640074,0.8969554
5540f5720c7243478cd8bc0f2199c2a7,0.47059828
5557ac265d27451ab916e9944de25f4e,0.4821693
5565e0f566f14ad4b005e2bc742eba10,0.71636695
558400aadf504f2ba64a58e5bf03b8ae,0.059396684
55995691cd004c25b94c267c153d7065,0.80124927
55a86eb89a8f47cfaaa38f825cdace64,0.07447661
55b469cf8ae84754a1d774bd57a94e10,0.043375414
55c7176fe322493d8ef481a65862314e,0.08469473
55cca862a64b463cbeacfbb066923f69,0.9449189
55d47cb284f8427a8e57a21c3d4673ac,0.45073184
55fa93113b57498cb8ad68f41b86d96f,0.40895048
563e9563283a4907aec39d7d27b9ccd4,0.64871925
5652caec10394648936060681bc9683a,0.9603396
5664ed89783341dbb3c89ad1894bdec3,0.8246647
5699753a9c9f4731b4804d93ea136bbc,0.6860654
56b64ccd3e584467abacd6f31d4461e7,0.8338316
56c4fced274848e295abfe3859954ff7,0.56631535
56f04f6fba5247e0b92ef72a1b83db97,0.9358744
5707d4807d9c4aac9100f4d780e64b65,0.16869086
574d1f1dd19e4f4fab70936c9d9872d8,0.93928546
579a427ccd1447adb9b45eadf719a732,0.87752116
57b98d3e78b34225bd8f8975f55f3088,0.22380789
57cf7eb28ca5493a84f0ce66d04b5338,0.847233
57d6fb5881fe4069817afc125acd859d,0.2342387
57dc5e2198094034882e55b4ff0e57d3,0.26969197
57ea47529d0a487c9eaa047923bf86a9,0.49486423
57eb8be3f39b45e297faac8d61f27d3e,0.712051
57ee365792c04b84a11503b0dcd9ba49,0.95867604
58006441e42f409c824d114f4e726dd7,0.88005847
58176bbb162e442081e20417999bb82f,0.0070144515
5828b60dde9a464a98e393321c551479,0.0542228
5860f29a457a4845bd978e3a146e2d1f,0.22403987
58a84a6ce8fc4919a5e4a34a2053511b,0.08582237
58e45378be254a6598f0ba12d734f845,0.8252041
58e811ed957246f68a11fc8f6c9c72b1,0.06732691
58fea4c117f04b30a56d8845543833b5,0.5100829
590157b76770458e889b655ccbfbb205,0.06732691
593010e14fb94b7d87aba0e6c785b42f,0.8353697
5935ed5439d64b58ba0050f0e2a9ffb2,0.31067994
595a965649f244fc983d22006d9c427e,0.7397624
5991cbdf7b8b4f4bbc20a74717e8d6a2,0.10336508
59c7e75b4c184036850b8ef49037d77f,0.23713686
59e5f59556f54a8ca88f7c993350387a,0.044351086
59f4ce6dcaf04ccbb60af6dd1af3a936,0.25433934
5a22b9138c3c4c46ae130855fff39bf8,0.7528896
5a6949adbb684286b15bf356c3aea3d6,0.9322821
5ab6ed93c69c475c87d44745f90002d8,0.74858236
5b0b5ee4a6e74b459dcc2172845cacef,0.35495088
5b27d1ca3d6a4e9db91321770f283b53,0.41861653
5b46d64687214775a53aa233bc85eed8,0.04372603
5b9f82f7743943edbdaf09b76645327e,0.79703426
5ba3986bb61843a6adef61b8d05c3715,0.07551747
5bd8431b05aa458d8d6a0442fd3d84b3,0.52896315
5c00b3e673a04a8ebeb7874bec78da61,0.93161047
5c29aa950b224bfcbb0c8951e697939c,0.13544424
5c39a9fc8f1d49b5a7196a353253f534,0.15680628
5c4a8a3420154b3ab05f416421c3f8dc,0.3806159
5c649012f72f46a3b0f6f3e39181dee0,0.9543408
5c87023e2c0d4e5795c7116512bc1467,0.34556133
5c986946299d495ea9b356f08f3d0318,0.93428504
5c9b42a3ae454aa0828d37a2fd567a39,0.92228997
5cb268c2f9884964a9d9095ea42ef5ee,0.1812167
5d2029e7443344aea53b89b7622ffa6a,0.04847031
5d7f934c8e2d449697037fd0853dfba8,0.86867
5db54150d8f44471b667b7ee31c3b803,0.32439727
5dc51c5f0bd34d8a993595cd91dac393,0.9662931
5dceb90327dd4e25ba33217a55e98bbf,0.17715001
5deb3af56c2641fcbb692844b9bcfe19,0.87605685
5e581de1004b4743a689360008f95db6,0.87033165
5e6055ccd98e49f6a6e025d11e8a9929,0.9030762
5e67fb52d1b743bfbd81b48f41d6e7aa,0.97363067
5e6d59d0c648413b9ea7c196e5d06404,0.9280968
5e752ddee39e4a0eb7fcafd50d160615,0.8733101
5e8634372a4b45f8ae6e9d8e8aac7844,0.7138683
5eb36bf32d42456398d75b9263fc13eb,0.06143919
5ec55034c1554669ad547971ba4dc920,0.17715001
5f0a572751e048f39e208c4c9a866923,0.4500871
5f60f799c5df4405a6e0e7b0182ec03e,0.07138488
5f826aa8ef934cee937f313a31fa4a75,0.06732691
5f89e633aa5546fdabff9d56c62e02e7,0.91805506
5f9012e042954b2785573aa681271231,0.767871
5fb08be83cbc4971833aaccdf7bc9ee3,0.95357186
5fd2962e71fe45358d025aa77a69e1cd,0.9819472
5fd56d3869964556a108695cbf45da89,0.97243553
5ff7bdbd9c10464fab67074082f6b9d4,0.055743083
60034d37db3b439e9230837a2f2cae6b,0.96382403
6015d05bfd3c45ffa7b89772d79c666d,0.9429227
602e28c4db3a4468b45a9df3277f9765,0.9454222
6056fa4c8eb243fc868ed6ccf7b8bb98,0.97209847
60787d2b109d4e8981c9207fbbc56330,0.04216156
60844f0cf5dd4056be98dee240a393d2,0.086912
6086c029bd8a42f8af37ba3b1834e74e,0.9226237
60cb354a285c4906814dcb88295a5bd3,0.8707425
60cf6f18da614059a2db42d609df4d71,0.96579236
60dbc3ef132042c1a1aa3cdc8251c5d8,0.07510721
60f5db33da194e9ca3c84814f9880ed1,0.9243907
61107f190e3c40e6b2842080a111c067,0.9659908
61168af26a4e4334a5ef66b1c2705cf6,0.6389424
61466200b9024fa0ad02b916ab5bc4c0,0.2789306
6160db3e610b4986a90f4ed270d4a5ee,0.26374045
617b8a5de67542d8857c54d6728b8639,0.6879082
617e20223d87496b944d61066db02a53,0.7984824
619988b50e5943a8bb773bc5345d51b6,0.08582237
619dac1037904c21be5851b4e514bd2f,0.0539449
61ae0995f7044bf18444cc3a48bd51b0,0.9269865
61b4681cd76c42ad976cef6798615732,0.17715001
61b8999e9210438aa2d876d055137af2,0.9757085
620c576cc832406bb1d07d7080b27db8,0.92676777
62255a447d4b429494d6eebaf3083f49,0.93249846
622a5a3d0268476f89f6b45612cce382,0.42530403
6251035432b348feaf6949bdf0e17a9b,0.3255645
62a1242a3f2240cf9078247ec000025d,0.9720282
62d0cc79ab8e44149b78835397fcf8b7,0.12006523
62d63c954e014b5daf687a84b31d18df,0.941192
63145e8e4e514e4f990c379c28d67e30,0.6685728
6326acd94afa4c0590ea65e9e7d59ebe,0.1951412
6330a6926053483bac232a2845f60fd2,0.6908472
634c24ba79d7420aaf92333685fead04,0.33616686
6366944354144ebd81a309c29947605e,0.90560967
638e12ee269a46aabef785807ed6c86c,0.056922104
6398c1f406854a1293c9af14afc18047,0.8609594
63dcf5d76cc54646a5a114d21d1d5e0b,0.9063175
64070f47382d46b99b5ec8419e85f3c8,0.27719828
641589b47f3d4afca31cebaa8ef59992,0.8771092
6462c6e60ccf41b9bcd6a72701fb93b1,0.8334278
6484b0b1067a418db779d30eb5ceb1bd,0.93694717
6485848b783949dea8ad9ac4bf9a5c9d,0.02884116
649987696577471ea41829a1c9319be5,0.7995462
64fb0a576fa14650a08b2800e4f42d4c,0.96524394
651330c7a9d94287920d8519d694eaeb,0.768866
6584bfeff7d94db3ae9a6e65c495ca42,0.15066803
65945e2d9e204e00b4c9b11fafe26807,0.29329193
65ab2762a89446feacc88e78310c1870,0.76010996
65c4d0860bb84b229a812ee03ff74ecd,0.6346154
65d0faa7284d415a9351cae81bf90495,0.9548367
65d3af7aeda142db9818aded2a3d0a9c,0.09442811
65d71d0f87944470a41ad4ef3b6d2575,0.09771996
65f777d1920346448a3b5c80be557a8f,0.90026027
6608ee4e22134f299db88361a1b69edc,0.96080005
6615c520c8644b999370176a071a8801,0.8902335
6616a440f607413da53c16d57ea18233,0.9337184
6619eff65eaa4f19a0d537dc21b1e0ad,0.47627562
66858d51446246c19d5428a2bbace359,0.8552812
66e724aa44eb4e85ab1642b9209bb921,0.11951356
6702969540a54062b2dfb4fa14049b5b,0.87478936
6713c0b94c464a649ea4702455988da3,0.8628848
67366da8a28d4384abb753bd2b09c973,0.45276114
6763d9145a9f4880916e92f6cfb556a4,0.41582817
6764cc8a5a574bfe83cba417b397a36d,0.22402471
67a2b68143734b0e972e46edfaf2e18e,0.09242602
67b0466e90b84d53bcf36540048d6f47,0.9480913
67c4ac5d5e00482ba6a1b4878712df88,0.72513103
684a8f72fe4c4dc2a6e5a78addc0151a,0.06732691
68756fffeb044c299a352758802b9b4c,0.13978378
6938ad50b0cd47c597e002121d8e7eab,0.39636976
6944af093717462eb8ccfcb0718ce8ec,0.9479313
694684d4c6c846c3a6cece1c782ce2d5,0.12719935
69627bade47d4f618b12cb5bc3723ddb,0.033231236
697bd2a91bc146baabe750f85d5769fb,0.69340795
6981b1dc146f4be28c1e914ca430616b,0.6626468
69a126afdda7468f8b984e1a24075732,0.9850981
69a62bf032304196a4868f4b8b57468a,0.15683706
69c865113873461a9b022a0e599a795f,0.1025921
69c9f7e313c64f1797288a0334ef3e26,0.98132354
6a09dc8eaa0d4272a26449034c15afc3,0.43588135
6a24e036fb7c4a178e5163e3bc0c44c3,0.079026
6a5b0b30d7b3488a8cbd79a803b5c7e1,0.80274695
6a5d55bac05c45c787b35861cfce6052,0.71833104
6a61e4ea7414406384bfd1bd52124dae,0.93473905
6a910b097ac34c098552bf0288ead694,0.33181378
6a997f6664e2414b86d8c89d98d9afa4,0.8831091
6aa81a12f9944852a7c6ac923864151e,0.446339
6abe07b1fe3140d0bafba9ebde22ceeb,0.048561372
6aeb71b1a3d949c99e32ca438fb3c2ff,0.92679316
6b273f47dd274d65b1c077464ec93ce8,0.15068424
6b44d37b58fa4b5fb544e3d63c7269f9,0.0639189
6b5a6f2e03f5489cb37aaa9896a13378,0.97111917
6ba9f7746e5b481cbe8b8db33c159015,0.7276449
6bad6cdd76ed4e51a76744d0d37f4bb7,0.80604047
6bfaa9ac5bfd4b6780225921c4eff259,0.5110037
6c08906f64704b0086f5c55dcb5de15b,0.46356827
6c1ebf48165e41368a4553b7825e4204,0.064838715
6c1fc3dbac7b4fd088be25ffc6efabc1,0.925595
6c378322d3334f0789544d134dcefe0f,0.41243476
6c498befecec440cacdf27c5ab9dbc9f,0.9791846
6ca74656683b42f4a8ee9577ea23805d,0.09960197
6cb7bc6b73af4155b75248caba7f8c4e,0.744578
6cbc3fd9c15e46a6a613b31202372321,0.94051844
6cc5829c4c5845e9a18e90706620a128,0.24527669
6d010865799a46b0a4c33ba1634499a7,0.8530796
6d02a7bb5c0b49febb8fbc984e449f10,0.9030543
6d32ec10e69e469183747b73bcc38195,0.06732691
6d597239552d45f6bb69637079162c34,0.8951665
6d75e406a7d74a0caea181ace1e637c5,0.10118785
6d79217edcf94af0a6ab2a3aa65e82c2,0.101041965
6d933117242547d0ab952e1de0f28f27,0.7074967
6da84e48f7e34182b08811b36d5d2f79,0.50607777
6dc8ac7f9d774a4b877116642e513344,0.69146335
6ded819cc90e4a799fb0348d35ce43da,0.8684754
6df395e8d5e54ef980fd71bf9501eb08,0.83057696
6dfcd69b4d1940baa5f69229bc2004a4,0.7882004
6e2bd9c1c34c4108a57003ee98fd69aa,0.05448517
6e2df89d3be248e58680354961f56687,0.20486964
6e55d593654d468bb917b843fa561bcb,0.8491902
6e7bb103812544deba00a275feef9442,0.1352305
6e8e50f1cfd54bfba9e96033f6df04bf,0.20443262
6ebf8fdd071c4bceaa2709585b9f7ff5,0.9242244
6ee2c71706e44c5e8df9c615ab9daaae,0.96688867
6f07cb69baf049e192a3984b84b85b1e,0.9316317
6f32727887804c5ca0e5b0aedecf3c46,0.4145262
6f6b98d8f73d4bbe8b52e03da09ab840,0.53176403
6f6f0992a8e24ac299e89a468c9cc7d4,0.94274986
6fb3ef5ffae64a8ca45d90e3de14bcb0,0.10883641
6ff0f82676444e7e84923113c5285d9c,0.23931216
70116e7909e44f05a984ec5ccd3ff6c8,0.5586788
7029ade5a14042ec9fae4eb9d1db64d5,0.9445638
70504671dc4a4e07bf959cfc884af5ba,0.019383896
7074292ecb7e43e988fa2b6c6aeec460,0.94316685
7074592b42614579a08062002d85834e,0.3220593
7075d0ee9e55458ba7aa5d34f8e792a3,0.9510056
70e800b37b3c4854a399f55c176fe51b,0.9532845
70fad32b7ad748908d19ca04b025bd71,0.7663799
7125b8a14dc1416f958ed8046e5320d9,0.91218615
712d0c301ed44bfd976abae14363636d,0.71194035
71429083cdb34116815f719a0b8fcc10,0.2267907
715322928167441cb325d7083c2ecbdf,0.65959543
715865e203a848cc8b00a1f22757fb5e,0.7617742
71769309284646fd9bb08fd291c2bd31,0.69799554
71aa29c4a8db4c27bae74c0911357025,0.31089342
71b7ae8bab7d437fa2a77bb57b467bfe,0.6762493
720941676d8e42348b72f6821ed43d01,0.9629897
724892adc12f4e8983fca6e8fd08c754,0.97437084
7248e96fdb084ab48b4cb20bc45554c3,0.17374888
72523d02d61a40b294627e65f1eebc14,0.06732691
725496451dc7467991fccaf57cc9f4c2,0.23141152
728d601c117d48dcb90cf009b1c0bdc3,0.6711711
7298c2a5908746d9bcc38c7cd65db556,0.06732691
72b546082ebb4a6d9bf9bf0b4c9f216b,0.06732691
72b62aed2ef743de8d9e14a27e7651fa,0.86776555
72bf1e4130d246b2a4c8573a8dc68ada,0.21240968
72f7b5bf941d43c3b303c87107303204,0.68879735
73212abef35a43b1b683c505faf7a28a,0.6356534
737e88a2380345b788ce8f1c8cba3175,0.9082585
7397bc7a2a9f4fa390bb29b5d295ef4d,0.06732691
73afd2273d874a5c90db8cb8a48f52d0,0.36631298
73bca609642f440eb263429b5d3fdc3d,0.92527133
73db1f12966b4a08ac5929944775426d,0.647966
73dddb96a2dd4ae9ba76a9aa5bd73139,0.932987
73fd05267c0940d28b4f4608eaed70d6,0.9566891
740674141b7743b2a6a6d6329772c5c8,0.8101625
74380cb734d043c8a9e063ddf50e9de8,0.9555921
743b69010579423e825d27fe36b7da21,0.8769612
744c1aa693a0431895ccff8d5382d851,0.6480803
74593a9b372d446bab6d0bda829bc411,0.9748179
74c3f512d83e4b8caef0dff20c94dfe5,0.46461442
74efb6ff0b384bce89c9ebb33d48e864,0.079026
74f1033c4f34478fa1cd81ff6e60f9ae,0.666372
74fe9ce71cf34770ace8f88e249c0bab,0.1560907
7504cc1fa0794f2e98a81f1e85ddfe02,0.8032609
75053035570c4809afe9300316725da8,0.3803786
7515bbc8d2444e078fd9631e2a4ffc2b,0.20524336
754bd01ba98a40238db414814701d63b,0.96836144
7567f731401c492abc5f1fa599bd530b,0.96685576
75b81b9a013043db89d872f217216478,0.055743083
7611d003ab2a4f7fad8693642c4d8409,0.2610819
7641caff004b44e1aa39234be8a7c741,0.09389816
764cb60f876b4bc9820471cfd782a5fe,0.5028859
7693a1c3ac154e9c94395152285b1b22,0.016778558
76b63640088143e08bd288e8e1768a2b,0.10304984
76e564316d384233b5138c0434867c05,0.9606399
7702c4933a6d4c3e91c0549952ba35d7,0.10544115
7728a9c360f04b5a86764163cff3e345,0.84362763
775e40f818b94594a1914715c7a4b0dc,0.1015789
776c38f946bf4d908c9cc7049531299a,0.9365473
77730a4cb0384d86ab284f844ec4cd61,0.8456161
77da41d61fc44f8199369b58f006c3f2,0.8916167
782ce2e84ef34eb0939c6c9c24195ad3,0.5077966
7836a9db99e2473f8739391f094fb15d,0.84307677
784367944f6e4a4d96865af722cad346,0.6094365
7855ad15bf544fcebcb47c44895c3c93,0.019935224
7887e19e972743daa4d16887ab0f2114,0.93215096
789b5eeccc034d6199a9db064f5bac39,0.9291424
78bdbe6974d143c2bf95624836d46553,0.38528875
78c09174036545b786edf9b13b9e9ddf,0.76225626
78c3a199244e40e69f89490c5baa5ebd,0.91424453
78d7e389f5804da0aaa1d923f853456a,0.196989
78f59f45688c48a1b9ba65f6aa5a1000,0.5720203
79208de918bd401da11cd1f41b7ef4a6,0.02884116
7920b56ce6ee44d69ae526b8b36e0d4b,0.9499508
7951837e1cc14b8e9a4a108c57bf1ee2,0.7980817
7984739955c2433296cacf65556d5078,0.9848392
799b8638e3104fd69deb81100b15d9b3,0.9598221
79b35d35a9224db19d97f942374e8f18,0.55895776
79c8a4a32b144544a445333bfe2bb69d,0.11021682
7a0dd803e12e421ba8656f5d4155ad9b,0.31556308
7a3a8139e419473c9c9db871186b93c2,0.85655254
7a9516fead31496c95689eae9c334bdb,0.85168684
7a9a171aa3134aaf8f751cf9b2752c6c,0.21644215
7abf4190e1ac43e8ad7ff422858fe4a0,0.33067378
7ad3d663c2b04806b9e11041e0848666,0.773085
7aee003049b541ba959770ebe320f7c7,0.058138255
7b16593af3614f2cae49954dc55d15fe,0.33361906
7b1dff3d7e5b4c43a2912a039773c0f3,0.9777434
7bb71e7e955042c798e27fb9b8b3c44b,0.72039783
7bb8f7964e884b68bbdffb5c71aee937,0.5067653
7bc1011bf06e4d488484d3ebebe11047,0.92333347
7bd1d05c03ab4e88b3884d71e80ae54f,0.3317996
7bd648083d2542629d880ebeb37ac0fc,0.24995448
7c07ed63459d421095972af9bb44cb25,0.27543026
7c2486330fcd43869d26a8507b4a26a4,0.9226934
7c5a4cbe951e4d889ca5a6e9134adce9,0.8911205
7c5ab5e336f24628ab7b4f79d35a6baf,0.917954
7c5f1857f5c149428b07aed96cfbe0c3,0.56486464
7c9abe51edb5418abb290cf223be8fc8,0.9576569
7cabbce287e34cc1a2a6cd2d04fbb581,0.16024798
7cc5416b06304dd48d0384599c22902e,0.94014865
7ceb068dfe7d4b1a9900e226164361a6,0.82126766
7d2d4dadfd1b46259210d9d379f0c5aa,0.96741
7d7ee2dc2758414c9333b69e07b29d67,0.27685893
7d8063b0054b43af8a78be5f1be388d9,0.7625513
7dac8fb002014372803984d1d10b6e52,0.072991595
7db86d96db74475ab3219eb8519983a0,0.20046
7dbb3d23cb854b09ba48fc9082303354,0.17278287
7dc5dd1c6ec34670a3e2578b2deebd8e,0.099036895
7dcef053cef44697b7236c3fb0a586b4,0.82563156
7de799c2df3f495fb6e9405bf3e5ecc4,0.2642934
7e179223fd85410dade253bd4c156ede,0.9121561
7e18ed59fa1d4c6f8dc4450d3b8be078,0.2496626
7e4e6bfbcde4406ea182b8222e7a794a,0.026070774
7e55d948713545f9bff568af4993844d,0.8834709
7e5c16faeec24ad591afb0e7c70287a1,0.10855525
7ebaa144cf5147b2bf0d76c7b1ef9f19,0.15568793
7ed2eb9a2c474234b24c51c477ad3700,0.15448356
7ed45c3571be428c96e2d66c87d10c1e,0.10534605
7ed886b817cd4609ad4597645d7b94b0,0.23713686
7f2dfc5f9fd44cf8a82312b6d0080f24,0.9694203
7f501c9b019c456e8961ead687b39607,0.077524796
7f607fb3c5154c84882564a2bc46b7ca,0.24334228
7f7194abdfeb4bcb9a46b8994a809def,0.127719
7f829223d8a44f6aaff1e1c6dfe0df3a,0.42543304
7f8afce8c21f4b509e4542d89c3ba553,0.65629184
7fb1b2ae26074a588ef6651a9ee677b1,0.23498273
7fcc191c1cb348728f8239b3663140e3,0.055743083
800008e1eacc429cb272363f20d0226d,0.041380025
800066c0a71043e1a37981e550077fbf,0.7981931
8011b3052734410d89e875a11083079c,0.40321046
803caf64b18f4b53b569be5d9eefb7d4,0.97221035
804cbc1866d14316b04bcb6fe2a37c50,0.7867583
80506ebf14b14a329185dd562ead7cdf,0.06628813
80acf09927564accb847015f7faba671,0.020347087
80c7ed28e09b4bf8a863ee0f8b0d67ef,0.8003089
80d0b048e3c7466691c8ea9827adfd69,0.8727554
8103dd4d6a894df59edbcdf0e881458a,0.79946417
816b40ea7e20400690430a2541f71390,0.15557544
816c9cac41ad4b158b0935b7a98b3ff0,0.9157145
81836a22e446460e942016865b34b46e,0.73817176
8196adca44c943fdb5c61f6e266aaf7e,0.86814964
81d9f81b10614998b21cbd9a838f7e70,0.44622168
81db4d0fae2d451f856ec7ed05738b07,0.050158016
821300413ec34e1f917a77178f9e3613,0.7189212
8214444f150e4093ab2d863eb9ad1c20,0.8359663
8216df964e014e78890fbadbf4990b3a,0.9117406
822d839e64d442e0bdfa9574d886a430,0.30818596
822daca848284257b24aaf1e5802ee41,0.35123777
823002317f8843b481f6836afee4b011,0.15003906
8243d6e8820a4c9db149e067250a7594,0.92963696
824a7ebbcb0a4cceadd7ed86cf3e99f6,0.9700633
8265dd5de63946a6b7a6183516028fe1,0.9449046
8288fcb9814642b8bcc76a48213af439,0.77235204
82a44ecd64cf4729a103b52453e91e8c,0.21765025
82aa3b16f4394675bfb725abc48a3d1e,0.862693
82ad1ae8fda74b6b98b5c9d56bfbce6a,0.20488691
82c2de0b7c7744adba334708e2e43629,0.93796515
82dd65b6ddfc412bb70c2d9dbb9e00a7,0.8364491
82eab1c9d4894cd884ca5275e6c87731,0.8981036
833e7ee837d74c2da202d9b14b6df7ad,0.22221008
834b176339e04e2bab8ccd8fabfcb1e6,0.952003
83867deecf0f418eae75d05ea6c163dc,0.443441
838eb0ae5f5f4e5fba66954954dfe303,0.9526941
83a1b61936c2410d98f5dc0d9626394c,0.6325844
83dfef376a4f434fbf2be187c98e658a,0.31812537
83e77c516f1f4992827cf6785b1dd6c8,0.98417294
83f0d985f8184324a5432a03a5cc2e83,0.9057237
83fbf5072c06470680a90eec6b09d31c,0.936248
8464eb50e3b94b01b96e79cf1160c0ed,0.8965777
8468e48b02714b27bb5e6b82ccdedcf8,0.09473667
8470786cbab84305ad0a5dfbe3f5ff12,0.72383046
849635f1179a4f698693c0b07520dd24,0.23052502
84ac701467054f43ad58c59ffb0e873a,0.06732691
84dabb17a9ad4bd093e061bea4a1013f,0.06732691
84e24fe4c89c41fa962b4c00e8945c75,0.056732807
854e9b2e95a34439b71f424d0901496e,0.071872495
8557c4eda7e2412c9253f4108db3ef36,0.8796087
8564eae20a794c15a9a816f1cf32f8e3,0.15453464
857029ec249242cc91dc0c3bc5dc19d3,0.37216765
8572110d56cb4769a2d03a7ff88e61fe,0.942423
8575559094974a52ba548508a53cb265,0.42558962
85cd832dfcfd484a8fc90921a078ebc1,0.011031634
85d5070f95f540c9898a7dbf445abb90,0.08909693
861e0e0e4d394ed7af0cb00bde8062b2,0.11825171
86376e7aeb224631b05eda97c2392335,0.69652843
86673cd5cea24846a24267b16fa8aa8a,0.43283153
86f2156499d2416187ebb991069fad4e,0.08091825
87088ae6759a42d4979fc52e59537d8d,0.107467994
870f8a4ed7714180bbd7bbecd2d4f07f,0.057654995
8755c2fea2f6442085915bdb73dfe4c4,0.92972195
879df645d9bc43a2bc99c780099e9f90,0.060593706
87a34702d9de4b36bf1a79879a8a1d14,0.07593477
87a68db11cf64cd48f5270da9a59c8de,0.9190901
87ac340163c7410b8318c6a41f8f27a1,0.9453657
87d0334cfbe04669bd8f9b534beb49e1,0.58325803
87d62efaf9a8474e8d0e57f47bbd220b,0.95069623
883fd7a5c70a4d528296bbce750f309a,0.9581074
8842e10c772a4ba68a6cde884591967b,0.0539449
8843c24b3ea24ed0808edc5c770f1b6e,0.0733374
8847a39c9bc84f02b7159bc1ad0ea4b4,0.08560012
8854879b1f964133a16b41ea63a41e29,0.9535938
88594bed4a5f4054a6680dd96dec1336,0.8314077
8866f61ade8f43cc91edaabc9f2d41e0,0.5137279
891a28a04d8e479d86b396527ccbdcdc,0.061129224
892c5ef5eb3242399893e94af35b0145,0.32639888
89310987c6f4454d9c04d39107e5c82e,0.1254599
8952a788e74048718187cee1b11f72c2,0.0907832
8976e05e25e84f5ab70d2fd7053c6b25,0.0980518
897b95c1001d440ab69fb9faf1decb40,0.24758735
89b39a272cff4a0cbe5e7ee79c8ec99a,0.6199703
89c16c8eca43483a88527c2a26e6aa66,0.1355578
8a2ef7d93d194e80aaf3fc00746ee8ac,0.52255714
8a38283b96d04328886a5ee584673c99,0.56486464
8a86430d98f945429bfd63e9667d7a70,0.63002294
8a9e94f232f240f48adf67c2259c236c,0.9798989
8ab0d0ea0145497ba0f32cb9c0c19892,0.5480846
8ab6825d35774259b0704107f15b2a58,0.90440375
8b03add4e9b4483283f553cdc917ab54,0.7147564
8b4545ef47a04ffca0c1a92ad7a4f405,0.7733862
8b6d1d20651f4abdb5dc0bc8fb71ba09,0.9275834
8ba96e22ca594294bd5a95c5883be082,0.1015789
8bc663c383b74a92ae45ad433507fff7,0.10081226
8c056eb9895849f9885344caf2db41e7,0.5764639
8c1d6c4c8b5c4207b4bc6ec0df4b0d2a,0.7923967
8c69357b01a54056b56b269e223ef7f0,0.37964442
8c8cd1728aab4602bda5c702099e585c,0.89884704
8c9782b566fa4f33abbcfdbc3f6c2ecc,0.089973904
8cc0236d127e4071bc20f08f511b816a,0.04372603
8cf2dfe327d54545b87f441aad8487e7,0.055743083
8d1d16a3c60049749df0c6c5d4a0e51c,0.7292336
8d3b8df6f54d46d28aa605da329b18c2,0.70028377
8d614039dd1e4cb6b7b6e6189fa57d73,0.842557
8d859ddafa3b4cd3b1b8963613a10d15,0.9467205
8d8b96ebbf8e419dafbfe3198dc26d48,0.864078
8d90c57c183647ed829370a7535b1536,0.21644215
8df6d6fb1e9b40a19cb8e551bd1df661,0.9877071
8e001ffd658649a99899190e1e0b9237,0.16716304
8e017b14ebbd438097182a03ed67a388,0.9409895
8e138823b1964ff3bdcd16ae386448cc,0.26889664
8e2ea02c9ecb47a4b458f634b7e4f891,0.14082189
8e5511aefb0941309634cb6dab434122,0.942423
8e7b215bbae64faeaa6cb2efe6e5c81f,0.6036537
8e802e5909d841a29cbc5267730b7737,0.04597243
8e9881125f3946deaba487513f04ef71,0.12222694
8eade7ad15fe4b6dad66321c02558c24,0.56486464
8ed28bd7f6954c7f851fb2598d075211,0.95735276
8f28926abd7744389575058f0a54f210,0.70146394
8f3fb654af164ad6a01ff09dd389718e,0.10820269
8f73295e99ea4f7eba252a7da351e2db,0.6634725
8fbe22f42f944ff6aabff9e77b7b9fd7,0.3646437
8fbf5b73c88a49cca4e0054714bf2705,0.06732691
8fdd7884225e425eac06df3a82c58bc8,0.9139309
8fea3b9f5c2c49e7a4820b5e8d295758,0.17715001
902e473277564d44a218082677a94602,0.91813487
90658b7875be4d288b16e1a45bcd7a46,0.9607831
907a9787ef3846e0872746d12a6a0f9c,0.7348692
90fd3de120624790bc290e5a8d26d4fe,0.96654063
9124b0b56d5d4c8bb47fa0178aa45b37,0.8058064
9129ae06f98b4b0db039af9b28ac9432,0.88902473
9157eb7c6acc41abbb8c1e9c8ab0babd,0.06732691
9162be7e8a5c42e09ceba0ea5cc46928,0.207583
918ceeaf00f54b869ded50728aba8c13,0.9395748
91951f509a0744dfb04cb94fac02d8e4,0.9807397
91b2977226d94b3fa10ef07b2132c9a6,0.953207
91c6d381a3fd4594be62513c57f54565,0.9458809
91cd7ae2cb424fa8bf8a2cf7c334f594,0.7325489
927eaa3991454fcfaf8bde4e804f6684,0.9660574
928d6e153b8c4a15988bf14b7356658c,0.06732691
9295ec45abb74da3abeff32da54eb87d,0.78452486
92990a0a5b7741df8c2249a64b87e808,0.73850507
929fee2c3ea54d18a870b93e84c6a2d5,0.512397
9302a27d4569409caff6377bfad2f106,0.08875695
93104299e4a24406a6f529ea52898438,0.91665614
9314b685363a462aad3fc12ab1c1d473,0.10784427
93342b2bb1ac47df9c0d2b54e8fdbfd9,0.9002173
934566c0cbae4a7e8760e4e369200f09,0.2394601
937a53fa6bc44b1d8b350b12120a15c4,0.9762965
9389586ab1e245359b080d01593e1afb,0.5465283
93a29afaa3524802bee49fda7f0b3cef,0.8308406
93acb87a6d6746bb9da08778d9527cbf,0.89401674
93fb770990344c2e92242a753f26d96b,0.84037817
93fd5748f8bb4235adabfc10f6704678,0.6347831
940ce738a0444cb18c2db673da5f64fa,0.8185359
941abe764e5c4d1990ddaec2fedc5309,0.1512361
94250a7d4b694368939177af52dd4d50,0.34098873
947257b4ff674fdaa518a4128944359a,0.8595021
9482f32b770845f09fc1a6165e0c8480,0.5066626
9496177a4f5d40d1901b4792d45ea18e,0.21644215
94deec33580343e8ace42261c0f543ef,0.30818596
94e55c1e1b534906bca6cd1cbbbbd5c2,0.044864286
9564bdb7ff8548a894eaf226355c61e5,0.11951356
95d0139a8ad0493bbef50bfa8483d146,0.90222144
95e295e02f6e429db794aa16b0506a24,0.9486482
960b0e64daf94787b774f9ad2348ab17,0.8400228
9616f9c94dc6446a931d1b206bdf4977,0.02884116
963227ee9453476b84c331f672790119,0.8383593
963661d150674495bbf9f656da34244b,0.047075663
9664936d092b4b1c95c384b4a3c133b9,0.12812984
96ee4dbab38d4c9a871f99fdade60369,0.88736206
9713e8462e6148af9b1452b6b47a7dad,0.71636695
9721cf49c2d14f07972a64a7405a87b3,0.6424535
974f60f240b045f18e5151be65498b46,0.11663445
97628b2d331c4c3b94151c7394ce7258,0.34807217
97a6fdc0d6d04dff89d82adb633134ca,0.11951356
97c9df85922e4617af28486a32178546,0.81384295
980090dae28142af9ea25903075e48e3,0.40439582
980d94d77e8148dcb83f222d40e847aa,0.63255763
981a4cd7a6474eb0ab4f0ee49da6bd1f,0.88550353
984c450c72be4d1daad4787720938481,0.50482726
984dea88aa8f4e71b40fb31fd1519e3a,0.26343518
987a296575254d86b29bbc7aaf1355c7,0.11663445
989f5be7fbaa42e2a05aef92329dcee4,0.07233499
98d53f4bc19a4a4d804466be76fd60d7,0.91166884
98ed54ce60c14b08959d2f67c21e4831,0.53912264
9911dcfcfc794277b0765b3ccd607aa6,0.1965598
99237505a94e400c8812f098e4c8ae19,0.50082546
9944c416ea254820b210d57dd5e8a465,0.7337872
99666442050342768c4c2840f1018323,0.12680806
99872d22dadc4ac5a701899ea065b29a,0.5782988
9a42403bd0514255a7f3b9ba017f2f8e,0.061924662
9a74a4889bc84924a67c7982070811e5,0.8027917
9afefac6132a4c6fbd32eaddce0bf75c,0.12033075
9b1aaab95a2f49c99f17ed8114e5c57b,0.98213494
9b334377f20e4fc78c9358ff8d5e0ca1,0.6461025
9b5d98b4ead4430ebe236d01f733c469,0.2666836
9b976c9f033646ef81b34bbc9683292a,0.06292562
9bab106874d1448ea6b3e70a9690435d,0.2797677
9bad2f87e8d141e8bd92b66d4db2079f,0.9621398
9bd37f982f014017824153498d52d275,0.11663445
9bde2d48dc57443690dbda93f5c4eee6,0.12172032
9c09593d32ea4487a7143663d74e3804,0.9189109
9c1fbb7c85f042d5bc5a00d790796702,0.692781
9c37de8b64d64b99840a8a07f82e7fd3,0.7006407
9c38598c2782418693f0f76653f86e06,0.6126378
9c4b3e145e794729b13aacd356d0a946,0.95724195
9c4c8ce86a9d43ccb12824b12d61e832,0.06206456
9c6a85fe031b4c6e904621d4c60b5657,0.75406456
9c7568cd5f6644cf85c5923207f41b11,0.93107826
9cc24ca730954107b9a20015c6c9c9cb,0.11363018
9cc4d37e760845e286b55ca183ea709f,0.09907652
9cc942055a824a0d9c1392671d861c1e,0.15526809
9d1e81a59da041cca008b0aff4ce50cb,0.9422296
9d4bbb9b82c44a759bac5392c879a100,0.8265194
9d5d302414004909acf1aa5193bfbcd2,0.33181378
9d667cf6c1ab4997aef1d6a80c78cb91,0.8777838
9d840fd26cc3445aa0bd57896e782c5d,0.13183002
9d8a6050d8d740978b9eabf65cfd9fb5,0.089570485
9dc56ea88bbb45b6be36bfd5f46b6473,0.94406104
9e25d7b4a453409da7a58e139ba82723,0.56486464
9e484cf300b24e9a9da37290c6c099c1,0.06963164
9e782a85f03a48b69056a185abba2c71,0.17291446
9e95848b9c3d4ab99b7574173286611a,0.33063504
9ec040d851a148ca9ae0ded7c5e4be1f,0.5451326
9ed275f455f743fdb75f948f033f6968,0.0642937
9eed2e33fe53423f9fa56e6cffa6aa8d,0.7360592
9f02fd7168a541f38793a88d95f03a24,0.8317744
9f3177dd07a648b8b29bcca62ea01015,0.5406993
9f41c46e7be04c0894aaa18ed36c944a,0.12278694
9f489c860e5340478c6804b6ec4de9fa,0.97081316
9f4d637187c94e9abc9206d96c699026,0.788116
9f519c12531b4f4ca6faa73d6ea9e7ad,0.16214882
9f9525d3c4854a458f44b12f628beef6,0.31339985
9fa6bd5d6f5a4be0b295d6851a85e1df,0.15940164
9fd022f9eda6493fa5d8fb87a20fc627,0.667782
a007630b18ab4f7abeaea7299c972f3b,0.83521473
a0524089b77a408e945724ecfb60c7ec,0.967307
a08961594a3449f0b41ad7d8166ab94a,0.830146
a092ba9ca2a74079bae4a198631921ea,0.8983315
a13fb480766f448bae62ce7c0f69538a,0.30662
a14793bd911d4f778cf7380e0bf84adb,0.7063241
a151392e6846466abb44dcfae0a1a1a2,0.038906295
a15e05874b974663a2f6359ac9732448,0.07065419
a191ea8da75d451eaee1654b10a70aa5,0.2074157
a1b416ddc0bd4008ad28daae970611c7,0.1967031
a1cf261199c746599fc7b0f6afba4678,0.062851295
a1d14d67f8634145a5211aa210ac47de,0.66753775
a1db868a8d344d0aab84b05d99607601,0.8066232
a1eadf5db2634596a22b58478e49fe36,0.14406236
a235c9c47b744c9089d15e9648f197e8,0.06732691
a23f7eb0380d48f29ca5f7c6660ba954,0.872696
a26bcf65660941c7b2eee90d406cafe6,0.2592982
a2a58c9b4702468191824922a6627f56,0.84930056
a2b285ab9acd4deea0ffa3e5dbb418ac,0.27125728
a301a87afe43442a8143b6a529da7fb2,0.9735458
a31348e0d9b145b38677a3848797df86,0.5097329
a31ff19795684a38a9c7ca3fccdf416c,0.93176264
a3204c287c1c42c592f4376ffa46ff43,0.8185472
a32a9734a03e4efc8d7723ff642fd13c,0.9656943
a34dda8ec9b84b4f8f2f7ce91a2ae268,0.06732691
a36088bbb28f4985a685ac2099dff49f,0.9678774
a3814c896b134cdf831a7419460f86b4,0.94098645
a3ac97fe8010435993b67c8151d1fb67,0.95612186
a3b490d640b548b4a25f7e8f770b22bd,0.9468554
a43da5b42df04a7aa50c2202dd3d0f51,0.91482735
a4419bb004c844d5993e33c819123fc0,0.0489252
a4558cfa0e764fd1ac868c2808360841,0.6257626
a47d252e576243faa4b8c9699eb1945e,0.06732691
a4845356f7a848418dcbcebc14b6e123,0.83788824
a48b760a691c43e39ed6aa6a7fb34144,0.971368
a4d8c6426c8940358e96172fe8c2e983,0.15465738
a4fa5016c58e413284275ed2d1373bbc,0.03709384
a574efca0e954ca7a741de4591ab5bc7,0.5965461
a58492958b0f4c7dbeb24f6054bcdfc8,0.047674056
a5b23501402e4034b4d7dae2bc472a00,0.8624031
a607c99ce1f441c5b131e4eb4e442fce,0.5977235
a60ba4adff7c4d96adb37c719b92b7fc,0.31556308
a64650457c2e4498b0d0e4e823c85d60,0.9113826
a69545fa185143e0a8c7a53f906bf67f,0.9469271
a6a16c5a3ba34662b35bedfb8cec8b1f,0.4288805
a6bd920134f84a73afcf4386fd6f58b2,0.43930855
a6ce40b8cb6142c788034e86c1e1f28a,0.6710186
a6d560e8b242486ba9580793d4cbe9ae,0.7439061
a6e44be2db0f415bae0c4892d9f51e37,0.74374485
a6fa7497fb734570a3d989a7e91c4631,0.117474295
a706afefa9604c8d847fb1d142c867bd,0.10413216
a73cbec53706467cb554a3c840de26ca,0.5167301
a79564c29deb4bd5a7716170d12e123c,0.71355313
a7a8c9cb176f4f1eb878d0aa4fc17fb4,0.39180407
a7b273733e03438d8bddc283a66a2e35,0.07129961
a7cb4f735c7e45faa14e2be9530d2c94,0.5878212
a7cf08dea81447c8ac5f56e83d48c878,0.691022
a7efa07fc86946b09684f0e248fea613,0.9238729
a800df663dc74122a4ca0283dd4b56ee,0.110300496
a81e29e983504cb6a22d9bd78e222ea9,0.087444246
a8293d735fce4108a6709e50e69811ec,0.97908837
a82beea597f742e38d94bdf8c75056d4,0.052200343
a82c9e8f0ef44d6caf0b964c53c08736,0.4309567
a83738590bd448e08a74b3448eacd0af,0.08582237
a85d0cba6c654cbfa8525fb7e529b7de,0.6939959
a85e2536908c48c3a7c701ace14900fb,0.8973367
a88a2617a47348439ec8ecf2b48e7c53,0.40983406
a89c723f77f34caf8d6c3d8762578212,0.3131639
a8a14d72b9ae4ab5803f036946b7aef2,0.08187122
a8a8df295f4a4b119a7f106137e83858,0.86693746
a8d38d54cf56485eb64d7100c1692963,0.5551611
a8e67d820b50483da549e66eb30c7bb4,0.98064774
a91f097077e54bfc9c78c347140f4e2a,0.9454353
a920b6b205f849808605fc192374a431,0.9367028
a939dec48aa14760bb0cb5823d9dc88d,0.21175046
a94b7f626cc545bcb4969620ea0d48d2,0.44234174
a95e2b4413534b5b88c6423f2339f57b,0.14039615
a96dded7cef6460aaa576c4810bfad0c,0.7493285
a987406409dc456eb8d82eac809fa33e,0.6472381
a9b2d9d785f74ca5949cc8df631166dd,0.035042033
a9c4e28398904bcfbaa12218ecee8296,0.11340003
a9d326be80694540bc256324d345473f,0.26911834
a9d8f1e3c25843b29b04c36900209ca0,0.06732691
aa116ea4fe7d4d14879530de4279efc6,0.11115631
aa2d55f7fdc34be7adf363096409fb91,0.16000302
aa45ce4ecfb642ef82f17e95cd5da5f1,0.62214386
aa713c46ae934ca7bb6223a209776f3c,0.29849336
ab0ad4e247d94e68bd1bd89dc1f61fe9,0.56486464
ab1400b61ef84b26aecb484b95e8712d,0.9347311
ab157e12611c4159ad40997112d07976,0.7367327
ab30356270fc4dfdbeebcfc59987ef54,0.052090704
ab4c4310dab64e58927d602930ee31a7,0.54898345
ab55cbbf511346cbacbb96e71b7fa1c0,0.95739186
ab8c60df6fcb4b7c85453f9b76996d12,0.059731957
aba612a76ad344229238d15741e81b9e,0.03709384
abb6a8ce973a4d4f98c618c89c0b138c,0.20411408
abbaef1b70f54a588fb0cd715af4a690,0.19018792
abce5211684a4ac68c79936c1849357d,0.92401296
ac07356692524ab6b20aff1e74b20306,0.1355578
ac1651c17d5c4b5ca1a2c736f463a2eb,0.27414134
ac182ad173f94c349cbc6a988c2ece7c,0.6094776
ac183bf80f8148a78b02eccb8287258b,0.52271163
ac302ad2c9cf42dd9571dc0279800327,0.19569337
ac6a422dd9ff4d2fb344cfab15cf1957,0.9745636
ac83b6bfea6b409abdca8eb40636d825,0.33661318
ac938c7643b24bb1bb203a60a1433e98,0.575132
aca10c2f2a224fb9ad50f1805165defe,0.06623725
acca1884fac544f782e8e1ff73246ffa,0.06732691
acd3088889574fb29be859a83d48b5e0,0.9570362
acdbbe398c1e4f868b1cba7e18e74d43,0.07233499
acf9b796edc14e3984974c87830365ec,0.08616407
acfa4a012f714d3c9d89abb2d30031f3,0.11653486
ad041b180e994e3794f386db62640976,0.72531915
ad272bbe358b45189ed2cac03b041889,0.35112014
ad5150e2d7a34c129a44d4897c437d97,0.9454222
ad58790f10954a308e0897aab70727e4,0.097631745
ad7aff3230664ddc9c6601cd6726c0dc,0.12222694
ad91262980514ca7af9275f18fe6b4a3,0.1296443
adae23ac0ee54142be0795c2752dfc7e,0.7402626
adfb418788864b299d20022507b4594f,0.90817195
ae0f87a8a74749259f73adb466f74bdc,0.16024798
ae8932d0ab06484e9dddbbfb06669122,0.69453347
ae907faa577a4f519f34886e606dd49c,0.84508866
ae936ee442234b838cdde7d11fcb8179,0.94474274
aead87185ed040fba328ffb0c495ad72,0.54898345
aeae81db2805484aa7c7703b82b29a8b,0.97016656
aee2ed74435d4f4ba2ace8808d30ba5c,0.47579345
af0077432a194ecd90aa5dddd137f8c6,0.7705523
af09be0c8df24cf18d7d5ddaa29a5349,0.84353626
afc693c88be2472e9548494e351870af,0.5154686
affa933292724ac7a14418eab2da39b9,0.607449
b001d6ef90b2478796a88155f666bc68,0.8123161
b00e339cada941b38fa017ff05dfc529,0.29918268
b00f95246d6d4833aab2af49cf425cf7,0.812926
b0389fef76854937aa59165eb3ff518e,0.66344887
b03ae7d2cc114094aa3a1477e5be2a99,0.4145262
b0c1e94f93ea4b0cb2947c613500fe68,0.94416887
b0ec38c5fd8c4466a4300ce8acf897a9,0.8573616
b10f4e8be2c4435597c2ce586b811524,0.7486073
b11df1fe85a943e18a8053ec0347d308,0.7888923
b13410075e444a52a3386036ff8cc62c,0.09740256
b13f86e7f33d48d0a0c3d6dde32f4e44,0.48678735
b14610432da54eeea4b57a591dedcb47,0.072991595
b155285b6a2845e9b300c484a8002956,0.14695989
b1599cf53dad4d02906e609d10208a74,0.076344244
b15cee93235b43fa93782ab36f2ae573,0.32743242
b163adf403f74297abe4f849572709b6,0.8814487
b1641815ce8144bea62142ff2fdc6f40,0.9874549
b1832ddc94f74e789d1214b3c62295a5,0.83384454
b1e9bc04fad249568b5048bab321ba9a,0.81473976
b1fbc3e74f374edaa4e1ebfddef29b7c,0.17692116
b21728e0dab047f4a7dc5fc5a1c8e80a,0.8920959
b221e86c6fbd4df99437e48f7d4133b6,0.4987207
b222ae0ad63a4cde96eb0c49171feca4,0.29218334
b25247165943432cb0fedb37ac3c1cf1,0.54780114
b2b89d2f057a4dfcb94ae169a088af68,0.10685509
b2da2b8498c0494a9d40395948da7203,0.12000488
b31144cb864749cdb63b300819d86e54,0.25969124
b32d811620804e468ec4a73dff5968e1,0.18735035
b3302befed794ce8b66cde79e4bd9fae,0.821148
b38299a478524229bf7f8ed69fbc4adb,0.9379397
b3c64d8b67af4bfaad9f0f7562b9528a,0.37047234
b3e5965e6396449c802ea993859e0b10,0.4506067
b46ae811837145d5ac839b0ca8673e6c,0.17447087
b47df00af31b4326a71668e97aa4df5c,0.05622449
b48206a2a0514e5fab56c2d7eafbc372,0.8407795
b4b360122c444254b44dcefba3ce7a8d,0.5634122
b4ba48e9516f4902ba2be9ef0824e6aa,0.9552407
b4d643d17935450eb54ca0ff1ab18e4e,0.7417064
b4ed50cffc344f02b576f98f6321acda,0.84835535
b5112f82c8a24ae28c0b22133e8ed429,0.9119834
b569342310e04a9f8be82c41d8164c68,0.45730066
b56b4bb73f974819ab61b6f817de7c6a,0.9120306
b57f5d8ac13d42348798d1566dec0b38,0.6563426
b5a535af691e45a5b20530dafa615108,0.0790128
b5a6bfcc6e2c4bc09c1039f15232048a,0.73196787
b5a992e81cd94ccf96e0449dedba10c0,0.05877409
b5b8277954b14f7e9ece6d1e967db316,0.33825082
b6057435dd4f485fa5e4a49c14691ac3,0.04360542
b609d614d4994a85a426a515f8b05176,0.3467882
b60ae5c2ab944488966ece143d08ac48,0.07901406
b61b753abd3e4f95bd9e7bf86e288fca,0.57379824
b61ed06d492c4c4e91ba7860ecca8b8a,0.9388019
b6331a392050423686fe910fd009ab79,0.5523335
b65d8bc826aa44da80e90888abaedc5a,0.72346014
b66536719f5e464d8044c5ba4213561d,0.64813614
b6ce7787d85a442d983b8ae4260be5b6,0.27529505
b6d29d90a5e84977967994158c241f50,0.7546421
b6fbdea1b8864cc9986b54cbf6c24103,0.055743083
b72aa709e0fb40788121862c34b2e784,0.676442
b730904627864f048cbc451bf81eb4b4,0.9793856
b73a073798d946d9b83d4d6d3b222141,0.9321781
b760101fd9454017ada81ae305798b5a,0.03618338
b77134cc3ad547188b86badf2b342013,0.56086725
b7744be738ef44408571c36812eeaf4b,0.8581797
b7786fd9c38044feb64a31967c93d3b6,0.24687739
b789d4dae82f4b92ba4340b9eaec438c,0.10944117
b7a7e037cd0e4bf089d997758daf19d2,0.72210747
b800d8c790364a8d8d0e2a1813a95303,0.97811663
b81a382fb92640799fb350900abdccea,0.3782576
b84c3ddf64ac4d8fa909b55595f7cac3,0.8598224
b85c30ce0fef4ae0bb6410dcc712c932,0.39561322
b867efe4de5642bdb29ae48e556de9d2,0.95907634
b87279ced17f4863a6fa7d1cab2aa057,0.76109636
b87ae937899545969abf44753b774264,0.12904406
b8b5878a46394c1bb229a1a978c738b0,0.55896205
b8be64b2da804358985478f466ef8104,0.84826356
b8fcdaca4227482fbcb491257a8cb0aa,0.035042033
b946614bdbe64557a94cf306906f47f9,0.25823492
b964830548ef488e893808aca43ed59d,0.52896315
b9cc3d7e3873422c93fb8d78eace0bee,0.90034705
b9e66012c1f44a38967a540679457abc,0.11951356
b9f01f528bd24184971226638f95c9ca,0.075391695
ba2d2ff0d12a4fd2881c1c61eccdc130,0.9271884
ba426bc4d9934a3a92b28b4a5e445d0e,0.055743083
ba53363c84344ca5a9f0b8fde2159cbb,0.25670183
ba5c215d706d47cbb8c55eb1622a0686,0.76448286
ba6dec29de884827b4c31a3772049cb3,0.980228
ba8cfe4d1e364621bbcc51582efa590b,0.048191268
ba8e89ccc00341ec97be9b5aaf303c23,0.18871814
ba95fd2f048d4b4281f1c71ce18b503a,0.06640798
baabc51eaab44dc7882902958d6f620f,0.05911771
babfc86010b249f39f186d3f35bcbb8a,0.07247914
bad7bf5bbe7143a99838d3aafea3f30a,0.7337872
bada0efd8a11480480e0227baaec9c4b,0.54425174
badb98be9c724eeb892004227081ad18,0.95165676
bae6636e2f6f460b91f67e873d75a04d,0.7266557
bafd77f6115945ff9e3d0e7aa7194fd7,0.8853283
bb2432a04753404681f0d420fc16346d,0.35031882
bb26164eb3584eea80eef31d1ec6c523,0.1520383
bb288dc3e4d24d63af51b33598005110,0.1734476
bb3ed52199594e02ab633d62db06d628,0.035042033
bb525e2833d64f1caa11d8534cd5574d,0.1211252
bb670e881d4b40569795a9f2dbc5120f,0.123645715
bb6efbd8467648a4b25122dae956c2f1,0.12170161
bbb6ac39bda0469b860fdbd89bdba994,0.0728185
bc1f0e1743094c459f494217f197ea23,0.9536073
bc69d122a67a48379931a2c8273bbde2,0.14534101
bc977df4eeae4c22a467c195838283e4,0.2507701
bc9a10e7466a49fba40cd52fe675dddd,0.8627447
bca44eaac0c14a099bb2600a7c4594d1,0.4339693
bcbbba5e0bd24205bcd35b5c3833a991,0.92569363
bcbe788f96794f3c9d368bd86f56c936,0.044212956
bce1d355d4914d8e99ae28fe8d521f1c,0.6803076
bceb8044252b4af58ff5e8d24c33c507,0.5013646
bcee9e02da794f67af52b2bf5b483332,0.83698034
bd1b103208864837a0205ae71df8037d,0.9748616
bd2c41c1d50a43fc8a2a20224d96c9ef,0.94162273
bd9437b341024b21b85d9e2f31f6928b,0.92049056
bdc537c8a3414959b56956b92102f1b9,0.61286885
bdd37e4b9e67413dadbda7b31a31e847,0.7974873
bdfe3bbea72043d6aee9c56a9353b57c,0.117915876
be192eb09c0d4b598baad953d16f5126,0.21892238
be35e6447a2042dba29802d7dadf9081,0.12642865
be51d325afc64527bd4ee14facd11b90,0.96172273
be90895970a647c2bbd77c8e78cd1428,0.66056097
beecc7d3fea5429cb56a09390d7d457b,0.8918039
befceb460d1041fe9be12dc8a1b4d8f7,0.73248285
bf04bdbc89384717b2a0256957fad9d1,0.8857677
bf2e839a4c8d4e9385080ecbebff5a3b,0.910194
bf4a7a269855407292f3425ea43f6470,0.37858453
bf7ef37d9f594c6ca8370abf1aa18643,0.08612305
bf833df7e173403e9142b911b93cb3fb,0.20596583
bfb7f31507d3424da5736145c1679e49,0.8522109
bfb9b1a91f3c43de8139c61f8fa94721,0.83732855
bfcc3611e4ce4edb9beffa520e05853f,0.7144498
bfd304ef956844e489faa71273f9c701,0.44151163
bfd3e6e37a8446e38f83b0b180c63123,0.89019996
c006be36011140f6b6399ed5d880da08,0.17715001
c0ab62ca92744277afa0ab8bf2688adc,0.4784932
c0d1a0a5fc4e4f11968ad7a987b36271,0.51127553
c0daee2a1592456ebe330bb7267aba5a,0.23713686
c0e31435806a4ede93a27ac69dd0c047,0.6887545
c0f68aebb30c4e8c83d287858d9d45ab,0.57457405
c0fb8679d8d04376b30fd879d1a57007,0.8446608
c11509a351384c54b2c41ea07e1fd2cf,0.8708361
c145b1ba814742728ed29cf408217f64,0.8410927
c153dc8550ea409ab7f63c000fff73f7,0.46844462
c15a6003f2864a329a877af42d79fd14,0.9769959
c1605b1d13b444f985cd37d95ce1cf66,0.06065263
c189c3038bf042ff95e4e5183d847f28,0.2534438
c1a4b1edbbdd4c12b0932bb2a58acc9e,0.350508
c1ab519afe7a46d0926afd9654b2f2b0,0.95743424
c1d6bbad6f54464892663a8e87caa169,0.08582237
c1da1d5f736c4698b58acaf25bf022fb,0.17043029
c1dc5bccfcb94c8da66bbbee6fe5cae0,0.56486464
c1ed9a22c3da46b8807d38b43692c3ec,0.9006235
c1f0b080972c4c43b9e56da8ab945bf1,0.12815326
c21d493459974f8a8699890b25965d12,0.15169513
c25bdc18f8db4bbaa1c9626b0f81b53b,0.41579965
c2990a6ad3784082b95e6280732e471c,0.7959041
c29a9a2339094442a5b6aa7b32371e8c,0.9699312
c29ab7547c0948baa80be262ecdcb7b0,0.50380075
c2bd5e5175314c65a152cce1152f4622,0.9669643
c2cdb6421dc4453f8bc2de98279f991e,0.06853186
c2d00af9de8949ed999d3ef574ee21f6,0.035042033
c2dc5a25b8b548d9a9b48e05a7051493,0.2240705
c2ef0aec806e42e6b53c0718279ed9b0,0.66270316
c31a89cdbc3b41d8a93c41e676fa4230,0.6492606
c340bd6f62944f728ce9a4029b160770,0.07447661
c3897f2a9faa426d8fb8f03cb35e1be2,0.29950872
c38c85d2fb944121be8c9be87d5fad70,0.7571574
c3953378dcba45809007d66c06228e1e,0.3379589
c3b4438bd36c42a0b5f4a71d7c30b64f,0.16036898
c3c567df8664411dbb46d1ead046a249,0.09163064
c3d37b47314247ff90a34e4faf41872f,0.21644215
c3f7f331b24240409a7a2c978ba7dac0,0.16673149
c432ffeb1edb458e996631ef223c5eb9,0.035042033
c4347d91e67a4e79ace49cda455535de,0.89042705
c444c0d0c7b84aa58d1b36ad4d80e643,0.67488617
c459502824cc4ea3ba0139d5738a6009,0.10304984
c475d255b07449eab3372ab6d3bb4dc9,0.85803705
c4e85afe64d3452593b73de328e836ff,0.059764564
c4eee70ae033454aa274d833cc959ee8,0.619276
c51bdc230baa497bb0d63bd2bb341ed9,0.1352305
c57bf5cd772f46e78a0d06078fa230eb,0.8153287
c595aaa06162465ba854c1e2184e9b51,0.07321936
c5d773a89d7f485bbeb2e68423022233,0.69728285
c5dace18f5834ba5b2f08d4e88834400,0.52301705
c608e44884dd4bf6960601ff427a0c82,0.922563
c60fb117c41f4f75a694d89027217576,0.16901208
c614ec77b1fb4a8499a7b925841ef813,0.96836144
c66dee955ca946b08102fa372140988b,0.8401312
c6777bfe0a9341df812f259efac07fc7,0.8988914
c67f2e60c438489d960c257e26d5a885,0.97364557
c696a21f5b1140728cd05a3c0e5114ba,0.8817196
c6990e8572b641c0838bdfd678617c12,0.06732691
c69f209ecf844797b1704d5d3e86f69c,0.9583987
c6af062d3dfb43f1943ed3ef300e8870,0.26875794
c6def214bbb14575851b8dd0b5c3eb38,0.6589757
c712f947f75d48b893aafcafc6760139,0.896484
c798bb118c0245968470de0b7a2c0349,0.5169809
c7994070d92c412c9a61dc1409febfe1,0.9646922
c7bc099bbf7c4d23809a9d2c1f0220e1,0.9743707
c7e5b38ff5324a3d9e74f0d50441a44e,0.37642485
c7e82b47725f41b79b6feb3873e61161,0.555272
c803604315f74e7f840d6db093b4b8ed,0.06732691
c808817edca44230ba1b389b38102a71,0.34911326
c80c0d1cb3d04bca81a0f9d3cd4d6d43,0.95664525
c83a8e31b2b44c1a962914d3006ad281,0.2568883
c8538bf53681401bb1322d91e8e1e032,0.15564933
c8c571d9b71d46e8a1502b397358db7d,0.37304306
c8dc5fc1b56c4fea9914bc6d76258b49,0.9467458
c8f7ae1f08aa48ad8141c4e6cbeeeadf,0.7873628
c9331fcd239f4907aedc22bf57e74466,0.7142111
c9449c0722a94470b961e670dcccfded,0.96897787
c9560255223d45ee921eb48ca247e618,0.3685182
c95ab2f4b0f245f4be0a08ce5b9365a9,0.12815326
c95e654fca95496585a39cac1f029956,0.24876635
c96f25da6b1a48649782489043c74e4f,0.5469047
c99fc89226034040bec0150736248030,0.19860059
c9bc01010f6748ec9527c4c36c3ca8bb,0.5991891
ca0e4be2e9384bc5b13830e8b2746832,0.13978581
ca14a13a94b34504b0b0c0c92e548db2,0.8791086
ca3a8fbefed9406eaa80ecacd2823673,0.76237845
ca692cb0bda24ab68b10b081db85ddc6,0.8618429
ca7a6eb5e66a46ba8b9c692efd43059c,0.9625327
ca7f4dd010f1446d971ea0f32d3cca8e,0.47969782
caa9e50aac84482b854c7a6a90aa0252,0.81099373
cab8f3100f5e4cabbd98704787d26b52,0.8628132
cabe8385cf35417f82e1e565219b7ea7,0.29200026
caeb0ddfc6d24ad18926500756920e4f,0.95644677
cb082ed33a1148f29e0e0c66bca266d6,0.6477616
cb2f57e6ba0c4009ad594aadd5667197,0.7582071
cba672f7854d4f24b7cc1e8ebc26df59,0.5539206
cbe09330ff214fe4a3148f82088042d2,0.39322716
cbf07bfdf627415cb7d802dd7b0cfcab,0.5581242
cbf82f71465248308c7b2d5c6f01ef36,0.9874845
cc5711f47b97417a96a814da9e063c29,0.07129961
cc7e9ef2ee7549299b7d04a717d0feb8,0.96368855
cc9902d1b31c4cf1941b6092eae597c8,0.100736335
ccd1ff578366486f8907382e36db5106,0.9594417
ccef8d60c15a4b51857c4dd3cb76503d,0.7250311
ccefecf1e5624eaaa2febf753d859fcc,0.23866084
ccf934e50e604c4d9471fae8863bab74,0.37814116
cd512a0bf7ee45f591766bbeba296389,0.14818572
cd681a2ba9e24365861fc4d6ff6696de,0.7615376
cd6dad86fdec4e3695d0b65fdf1d85d0,0.3200693
cd7707f1bb284e829fa86b5cb2970a85,0.9359236
cd844e907ec946f9bfc2399e3fb767c7,0.8819142
cd8f816437ac49f583307899fe795b19,0.9604043
ce015c510d964e649f303d5187b69ee7,0.5633321
ce09e6aef40f47b7b12b98049303642f,0.737291
ce0ac3f02def417f8c87fb9869dac02e,0.58746636
ce35686d04ff4b5d889059f516059728,0.354674
ce7ac3a52c084bab8a6a2b8dd43e9af6,0.9553719
ce8a17e225cb45efb6a0cc099e7ee0b3,0.86207926
ce8bc263bfe447a5a1523276dd0ead45,0.79999334
ced70967133c4e4daa010ef5c3812c14,0.8417676
cf303f97b0df40afa9a484e72167367a,0.9573209
cf39d8fe87ce4d78adecade82aa00150,0.871909
cf3b0d9afb854b8787f8ffc51429c3bd,0.20572855
cf590962a3b049b397fe4a3cacbbcb3f,0.58051455
cf81acfb5f754cf7abe500f646f8ccfb,0.28102124
cfae6040553d417580751aa88eb04479,0.8467689
cfd07fe4bdb44223817d0e5a8db852be,0.067325756
cfeaf55463444b51b867ff771c283d81,0.50178516
cff018bfe48b45dfa1dec7a44d28263c,0.30494124
d0403187ae7f4cd6a33b37fa5084c1b0,0.857079
d06dc558afa34a92a4e49d5ddb3cfada,0.9552888
d08ae54eb8604084974184a01afdd527,0.6007104
d0c2aa55ec9c41d5bed4ed641075df22,0.2366407
d0dbfcf505a3499f9489f376b6355ee8,0.04583895
d0e14fcc3f1f49509da3c6b4847e8643,0.93027097
d0f53d3c751642b09a6f42f5fc8f6b40,0.8119911
d10392de3df44e9e9e2d6bc193abbf74,0.1639258
d1140b5431c1467b982b4bf16a6961ee,0.7055992
d115e56f488a462cb2a9ebce470b3b13,0.6257708
d11ffbee5970469fb39c1bfb0611b67e,0.54088664
d181e018eed74a77ac3ce8e180ebe93e,0.9825392
d19ec99510ae4959a27c7065b0a6ed2f,0.94165885
d1dd0c0fa4ee41beb538bc3007fe0b96,0.81980324
d239b303a070482d89748b9bbf3d3cfe,0.4333933
d273048f68db42cb8c6f2bdc1994f1ae,0.8394377
d28e02d973b6497aa21bbccde1205dff,0.6920947
d290ad1b7f75418d89e151a91dc9a533,0.16250843
d29727a9174f4e1b8bd9df81486052b8,0.974742
d2a1bb0a74564ad79a4482661189fb43,0.90203965
d2b1e16bcf7c42359360d2f8550c32bc,0.8886724
d2e03a9971914ba3b56f5c7868f807da,0.95239097
d3072c91a60845158ad9c4952da832f3,0.8323014
d356e9dcb5aa4799b9903dfb4a1680a7,0.7028241
d3a6e8747fd44ea8a433bfd063fdf106,0.7814567
d3ae3cdd8bbe462aa24497643e9f8ce7,0.08768878
d3d68aaf068d4d79b0f2645771e5cf72,0.56486464
d3e3a1e4cea24749b739d27afa2d76b8,0.8870255
d447f4fd72d4477aa4e09278b9dc3cbf,0.95451975
d457c68b3682420b83182f6cfcd819ac,0.5652224
d4c0c5d06f834565aafa270538b50d4b,0.95798695
d4c7337da05a41cdbe65548a9e3956d3,0.55848455
d4d47b8709ba4b7fb6437f746f16add7,0.867724
d53132a24c1045bea9a8bf81e072dc3f,0.068782724
d556dc8a1ed3465cb90917f86c52812b,0.96063423
d559255b74b04c08a182d4299a4d2f78,0.6651084
d5c358d54f334c8ab650715bac722d56,0.44701156
d60ee5b07b124650b5211008c6b6c02c,0.065776676
d61bb915be334976b357b4dff373b426,0.9279413
d64a66314abe470d8ac813d473139ca4,0.8523022
d651aa4d77934e4a9c4c4241787b66ba,0.10118785
d65a061d7c9d4df89299c400b1bfe7a9,0.9464624
d66bb2f3b1ed448d9b62dc1259072509,0.8066405
d6b7d608a3d2431da3dac9f667e8df80,0.096194126
d6d87256034a434abef7af29bbf49131,0.15296094
d7025730f2ba466f88c69fc4f4c26dad,0.90404546
d72fa5ceec0a40f89e59d9a1c32b11c5,0.89343715
d739369e61a44b57a2692d0fac4046ba,0.12027995
d76ef8b6f83f4385a2a67a9f6d3409d2,0.97861767
d79ebe391b6142d89cdc97f2f6a83209,0.72442186
d7aba7a5843046ab8af37f198532d400,0.03290133
d7b725841f734d8a8e808b72534b2eb4,0.45292932
d7f28b4a3db34eed93620bf2541758a9,0.80244505
d83d52bed8f640fc94f4077c7df397d0,0.35711136
d846db5454284eb490b5f1c78edf436b,0.23041454
d85dda1526c249ffaa70c5b73f4ac280,0.4052021
d8651bfd135641aa991d8177b25f84ea,0.69897395
d870a9c5f1a048a8b11adc5802cc0075,0.9265667
d87e531ec29649e4a89cb7deea672627,0.6832456
d8898bc3ffa7455ab7cc7577080e65cc,0.06732691
d88e37c0ad874173a98564de126ad091,0.31574214
d8b3288bc7074022acf32288f36e00f4,0.93908095
d8bafe7d24a1481aaa61c1553d9c00ce,0.7422659
d8bda62678a843d8b72ff2d9d8a0f647,0.12781079
d906c74f176345cfb2d23f937b6b7ecc,0.20988408
d90fe62dac3f49e1ae2a09e0faa03582,0.37365317
d92e94bbb4d045aebdc6bcfe08012d53,0.04372603
d9692de40d1344498fefa7b6fefb51f7,0.7595101
d9b0f16641cd4188824eb9215aeeda9f,0.074321896
d9c721a88157476ebe89b6b703b0b3c9,0.21644215
d9caed28548547f49bc12cb99eff9075,0.5731936
d9db39c681e64941837940250cc31f94,0.7071931
d9e1f9371105493b98f37dfb1e837db9,0.83824235
da02f38c546a43529a35a86683322fea,0.9112058
da171ec5cf704c1fad7ea7ee02f2809c,0.9718526
da1da458852e4859b0e3d41b77f7fd61,0.08031919
da21b8874cba4d4bad7f361cd9fd3eeb,0.5021507
da28907f49e74c0b8e8f68d78cd37940,0.90703166
da3332c26f8b43ffa49929f2607d161e,0.88999504
da4dc04b279b4712991e707fd640e581,0.2448749
da83524a9a534932be4be563b9c23118,0.034567315
da84e25765d34cc994bf4aef84ca4559,0.83000803
da90e35d81f44730a99829d4d0197388,0.04372603
dab1f917f2454d95ba5047de34928218,0.074615575
dab7fa293da04dab81b12e7ee5d26358,0.9522786
dabb210763a943b68ceb3e39c7cc5021,0.29061767
dac871e714fa41198a4f630e2e7fe776,0.42866758
db06faf20c8f4066876c18d47f119d6f,0.97966945
db0e98cd603a40faa44eab9a73e5e388,0.34048203
db30c3ad60de4753af86673f05cc32fd,0.966595
db76600f4cf0476ea2ecb6a20a3b7706,0.18917193
db7fd9abf7c74967ac3142457e75d1be,0.59080446
db90c65d5d694348abf51e0ea6cd389a,0.15234199
dbac178a15f749b6a7edf1342b779163,0.07329457
dbb3ab243d8e427b9da61baf359b07b9,0.06732691
dbdce73882fc447ab1e78ef9307c5555,0.091270156
dc02a3e9b4104df7ad0d887ffd5a39cf,0.8499031
dc2053691a254dcba76eb5093cb7112a,0.8071173
dc491df3c6aa419cbc7be20d7c43d629,0.71376806
dc4cc47342d743b79fa2b51944f491fe,0.81732446
dc69cfd224894d4d8450dc62c0aa25da,0.27497643
dd3abfab37104bcbaadd3b837c7c6b9e,0.86509526
dd5362425da74cf08d3daa86582e8ae9,0.09281006
dd7124b0994146079090bc00b74db5e6,0.9810389
dd91b2fdbdff496db8d903230235b292,0.95004946
dd9ffe6c55c44e40a76a527a747b4d35,0.7804448
dde7721cb7db4ad7be26b137d77027e7,0.12000488
de34e4dd7ef844f4a4c4639117f44d29,0.08068725
de3d9c468fa24015acbc35b4d9d56046,0.83228683
de524732dc0d4aeda7882a12858b4025,0.9122809
de8570c7ade84f4bb43acce848c351d5,0.1266253
dea717aee2904182a80222b8bab93713,0.8328598
debc64c2b40d4210b03f35019b6369c2,0.56559116
df50cc12b1d341b7970a24b74b403103,0.31446633
df5150d2771d4046811d615cb702b492,0.8656715
df69763e0a9b41ac958e7cbc6b48d33d,0.92476064
dfc0191e446949a7a29741b799850a1b,0.9795999
dfd10ff05e5e4d9ebf97c4817bbdb49e,0.92916936
dfda1282b4124505ae67a369962c8e46,0.69929284
e01515895fe44ddb88f8ece8cc2d4c72,0.9804072
e0396f0bef4e40aabb062e60543f65d2,0.9708593
e044d40d7a03482896ed604f50fb8fb2,0.35461453
e04e5eff418141aa9f8e8b0e503480ce,0.121471554
e085e104511c44b5933b79e9976e5190,0.62935114
e0bec729bbd5454ca1926e6fd498716b,0.47482565
e0ce43a511fc4ebd9c11df6dc94869bb,0.3888873
e0df7677e6504d639c66d1744c23a588,0.07838607
e10809d61fcb436f9c21691cc44f842a,0.96804106
e119f0779b544690bafee474fd22e0a7,0.64670956
e12cdb77b567416aa70166af699e98a3,0.56486464
e12e71faaed64e7a9950d7667674eabc,0.11663445
e173de90e4b84f84ad33578d0d22a570,0.07899527
e196e6aeb8f3461e8257f8548a30c3ad,0.8889589
e1d5d339471d4bd69fc50b6eaad763cf,0.23903145
e1e97fb14262459280fd07cdae1e9aa0,0.72178876
e2049aee469544c5a480a9722495abd5,0.21644215
e23fead719914aca92b4d5618e8597fe,0.03353648
e243f93bd2bc477798079972b8df3ea0,0.87987494
e2a0895e1f3e4ad69f1194e344ace788,0.8808523
e2c660e1df114d4393eb4b5f0776a2c4,0.84845567
e30f76b774c64ca283c980104ad14ffc,0.34198007
e319c3d8eb3a4481aae9c668990f94b1,0.19086011
e3251dea8f8c4d28bfa1c105055e9280,0.9764722
e346a4664e7047d7ae29ddc670885fb1,0.060891062
e36e21e5915147bab2f25c31b66b4e86,0.06732691
e36eae5d86824f0b82e9ecd306fc5b67,0.89172125
e3765109ad1c4b228e8408a1cf7d72c5,0.94712615
e3c3b676457643e5a5035efcd92ba202,0.9629553
e3d976ab8e1640af9f761547db988202,0.8184228
e41bbd107a5a44899e77677df755675e,0.10167742
e453fb6d712642c1a58492727c005e6c,0.9566468
e49ddc884bc642ab8372f69f6e69d59a,0.05989227
e4aef9a596514f3e9d2f6decd7c7c13b,0.9822237
e4d807b6b2dc463e983c9b1be0170369,0.9707854
e4dad0d8af254e61adf2d4fc877cfc2d,0.260829
e4ee2b1798564560872886defdc46193,0.8841706
e50ee5e43a414c4692e9bc73d90ffedd,0.15171751
e513eac06f9a49eb91e2435296cd77e4,0.36345032
e514a2c60fc64d1d9102999034674d1b,0.45073184
e542b095d924474398121dbe37c2aa14,0.07765757
e5cd78e2aa0046308351e07ce96e709f,0.49838844
e5fa6255aa3347239e4e0089c5f6c66f,0.64963377
e62ce7bd9f744762bbc26ab24ac6df22,0.07447661
e636c13dc6504c5995d67b577a6ebfc2,0.4587581
e67db0b7b01d44ef9e18e522c9c2e464,0.39469302
e6b06c912eda4d7c9f6d1b946185e3d5,0.20856005
e6b7960524f44795ac32128ff429f67c,0.8570442
e6cdef97751247fa9a3d55d210cb9f30,0.94545424
e6d308b6a9b6466591b8e8279c3a270f,0.9716169
e6d725f7cb5c40178111b371d7d6f44f,0.07344208
e71b8aa7ad964a7a8a0d33432b0ab5d8,0.92820835
e72126cbb36b4c8096b57341179953aa,0.11550837
e722c24fe3fc4d198d272411647d4935,0.05637349
e728b17a1c734f3c96bc0be9ad50f317,0.2275053
e7470a84a7874895b1290587bc95fbfc,0.80683035
e77e208a5e694f41ad66e9e6e0a42397,0.85330355
e78765afb36a4640a7501ba88bfafc2f,0.9660768
e79f9d51b0dc451b97ed8685e45893ce,0.04372603
e7c005031ca54a608313aa5a81ca857a,0.6120049
e7d9c28a321c4174a85834445fe3b1c0,0.114409976
e7dc0108899c4808aa654326a3435f35,0.29025537
e7dd12be2dc94d21ba5fa45f500e4632,0.9542467
e7f4a76b80824fbea95db086708742c9,0.91233784
e8067a6d3a1f4fadb84a0eebf292af6c,0.508634
e867970990ad46938fefe0a0eba607bc,0.97102326
e87172640ea94ad1af7f0184a8b44bbc,0.98764324
e87b28f4803c4f289f3bb04949626e00,0.32743242
e8852957bcf1423c8e615364c86c3fae,0.06732691
e8a653d5efd244518ca24d2fce4a2a6c,0.4878605
e8aac82f85e34ec8a1ead488859a3094,0.967394
e8be4d90262a45e091da48aec5de3cea,0.8884685
e8df29b1977a408d8fbfa3003da4134a,0.13767403
e904e02e3d3743e7bac8444c02987d4e,0.038906295
e959110bcd894a30b2beed73551c9308,0.388167
e9ab7112b50047a8b5d5b4d7403717f2,0.8999048
e9dda7d331bc469fb957243aabe70931,0.41237062
ea028078507641afb84daee20249987d,0.07447661
ea1084cec1f14f499da31d6be52536b4,0.19717224
ea12e224795147c2872119019e1d3a79,0.04825363
ea289a0811ca46638c563a75f9c10853,0.38342485
ea36bc895986468bb75d72a9e3705c07,0.15799972
ea4726062f9c4a5db2fc89b9eee454fa,0.9318222
ea66e03d8e3b402d9577ce8f5ffe1fb4,0.8534195
ea6afeaead8c41368575cbf248185ecf,0.82582355
ea6fbe164e30441c9d166c8689a2e1cc,0.3500686
ea70a27eb8634b84a735b16e9f35b0d8,0.66281366
ea72e8d2d4b1498aa81d383d1e83cd95,0.96568507
ea797b329b49402b89a5621e3e9818c9,0.9078732
eace2163a0eb40398eed5b013232755f,0.1653205
eade00b2728141adb1675e0c05509ac0,0.9559709
eb0c96ecbdc5473184824d459f2aad68,0.9554939
eb0ec474b79e473dbab2a13d99bbaba5,0.861918
eb33ddd5e53642b38070c15a93ddc138,0.64982027
eb5593cd8ec44eb885089e75c7c399be,0.21649936
eb5e3f5928714395adbd9c49be4b1482,0.049344454
eb68dd4e99d045f2b58e1f35c69d06fb,0.9808631
ebd25a3aed74483da4602e990b11448b,0.9592824
ec1af9d72cb7440c8b4129366a94e27f,0.21644215
ec20d3d5d9284ee0bf897f20555f09fc,0.080825105
ec4e666e82f64fa9bbe75bb68123ab1a,0.6678688
ec686c6527f84168ab3d5e0feeefd3fc,0.19301975
ecae6268dba84ac2b907ccb32e6a3e1b,0.58101434
ecc019f9e6d6472aa34ecd50094b229b,0.7909595
ecd9daf2e1bd4fdf8a6186199b744492,0.7885471
ecf34098308745338fa3908910c15858,0.5673919
ed0822b308ac43c8a575acbbcb523c07,0.36375
ed117d424d1843bc852572c3f471f769,0.24067368
ed1326b351934ceea1daa5c14d270a15,0.7509044
ed166e3e08bb4ef185cd2b67ccab7bfe,0.08193709
ed17230ccf074f6ea180c9f9e2f726c5,0.8200419
ed45709ee9ba4573847949b2eaa78f20,0.09300343
ed588e810980400dbe27d1ac3aef01a3,0.79055405
ed5ac5dd8f2d4d66ae0dd7b9ee2fcd15,0.8812047
edd78d7328d746fea809bd236a3ee9f5,0.91819125
ede1ecc386394acab8ce5eb3765f844d,0.17599814
ee5204205dde4b8fb4a935e689c39424,0.9707053
ee55a13904c34725a002b64bb9ce19a5,0.6390547
ee5ea7c60a2a47b286cdc95a0d9f45fc,0.45172775
ee61f4109dcf4f5fbbcd54a581059ca1,0.094983645
ee989addd51d4aac8c4b90b729e5c307,0.6493519
eee023d0d2874efca978731440837f20,0.4105731
eee27684722644929aaa9f84c48baf1e,0.9087651
ef056bc5a3b4472aa11cbb4ac28bd73e,0.5680382
ef10b504c23140e8aeb63ce81dfe67e5,0.8948133
ef1b6d7b13f842bb8994a0bcefd0a1f3,0.20274125
ef36f3a0a5f847acb55091f54b367b85,0.9145007
ef8352fc1090475ea43ecf33620c5b1a,0.71941924
ef84f8389ff9475abbd5bd360c67fec3,0.3272434
efabed238f574d2c97d7229f23a53cdd,0.93692774
efb8e74f960646d8b9b869210fab23b7,0.6943906
efba7b69a1274217b7b262587b555273,0.105516806
efeff4971e1d47f7bb2ba9b02e8cfe65,0.11951356
f0094bbde1c94d5b98ad79fe56bfab71,0.14255139
f0396f928235480ebeaf5e1484f53474,0.08439725
f03f0e0cb10d418d88e6102a7a842c64,0.9726628
f0a3dc0ffb18453d9ad235524b1bcef9,0.115229756
f0d263313f794fc0a605cb2b906aafb3,0.079503916
f0f329aee69f4f2a9b0d39ed974a188d,0.92062736
f100c156d994451db2432eb55579a118,0.29487205
f13cf4824ca542a4b37b528f1d53406e,0.19106364
f14a4073f5b3441fad7c1ddd3dbd6365,0.95424885
f152859a2d8b492eb0bb673f8150da31,0.23233455
f16aeed3a4e94dab998e2b4e0960b46c,0.12000488
f1989132efff41198a0b1a419fbe0545,0.08853132
f22bf2c1e58f4656a99aa96584844782,0.72736967
f24d3df0b02d45849b1726f2777bb9f1,0.45892242
f26b98e97c3c477f90fa3bf9d7ebd69d,0.12773852
f2ca9f81e74d4df0a8aa97995d20dc60,0.37464523
f2f1c9e275614c539ba865b2d1c85af2,0.19944549
f3322d029eed4c7b9ec5d6861964531b,0.5271961
f3c7a379dd1544caae163fe2f8292c1f,0.09133063
f3ebec6480af4558863802dff5a6ec08,0.7956882
f42490edaeca40dd8dcc55fb3a9011c4,0.48409542
f430bded601a42db9c93d3d0f0db01b4,0.5622687
f475df0cd490423cbb6bb23df206546c,0.85569036
f489ab9f50aa40b0a49c2f9fe1a3617d,0.24386181
f49dd42b57644b3982ee2b36b47917cd,0.52896315
f4e173879cb34728aa844827a41e329a,0.67983645
f4fe4a37bb394168a356d7df9082d7bb,0.5492561
f514937dd80748a882ed5f7f411958dc,0.9468113
f5402db37f9244fa9928438c6ba724a6,0.06732691
f5727968b61142ab991e184788e676cc,0.9191387
f5bdb117c3a045878c341cdc79ac85b5,0.13780457
f5c0c49876da4a0a8d2ff223d95e9722,0.95250493
f5d565dc98104da9980249a54c136ef9,0.93815863
f5dda2211d2340249ab6ef8829895eb0,0.4829613
f5e800d199084a09bae0125dccf646c5,0.22521925
f67be9bbaeb94b3dae8e85a2be1c0fd6,0.06687903
f67ffa18403748b09df7aeeb9d52d1a8,0.114849485
f68f0d4059d7425883c8b50f4607a55a,0.92850447
f6c13dba074c49e9b8fb1aa5a75e472e,0.951336
f6cc83c726e54e5bb4c986f419b82c07,0.9301091
f701e78656ab44ab875a115c268fcb99,0.62504464
f71155321afb487aa9e16156d5e6621a,0.8119971
f72648bf46af4ab1b9deebad279d111f,0.07555731
f72bc24725414e7b9c00a8edc6250203,0.16048692
f76cebbd8447472ab4752d1209e7be60,0.07859423
f7709ee3c99e45ec9e9ddec769ce4f6f,0.08582237
f7713c4a494948b3b268358d6d804616,0.094727084
f795bdefd8374e90b4655ef4916d71eb,0.13249011
f84ba241934548b0ac093219925aaa0b,0.6631378
f85c299479134797b48daa36e5ff9aaf,0.9256014
f85f77640d58442ca856ab1330bc5a7f,0.07796083
f889399e830246dea08f392d6ec30fc3,0.12795547
f8898188b2b34d68b86908668d588518,0.77918744
f89fbb740b7b4986a3a74f901e836e22,0.90948653
f8c4021cd81d4140b70760e304d74630,0.7596555
f8c84eee92954ef19ce01517dba4842e,0.42602032
f8e4b78c33ee4fd7972f73baeadbf2d9,0.24758735
f8eba51317594c93841406b39229a629,0.6483685
f91a0092a87c492e9ac772008ee25909,0.9239827
f94952f4f3834b1bb4984d0d25a3c692,0.08589238
f97b4da0ab01479c8cd54faa2bc6f972,0.16891122
f99d8c73bd32496f963e436e1741e1b3,0.97727066
f9b3a97759ad474198472092de8472ca,0.03171397
f9c62494334540ce9b3322eb547adc09,0.07232243
f9ff37d5070342a9984e59ffe5919653,0.589521
fa1af0799d30496f8ffac4b428858844,0.3806856
fa22d9f0de514c48a03d8dba8df5fde5,0.84647477
fab3a7d8be6c4463ac2d8e641ca826ec,0.7807888
fada648517074815ae5eb2d23771ccee,0.020280762
fb10eae2227e4a2ba456d5bb11bbd432,0.10304984
fb30bc5066de4519946cc5ba4b8cee05,0.66753775
fb56b3ab1d304bc6982a861bb2690345,0.12285543
fb69ccc78d6b440ba4c5f0fb153f9ca8,0.9557168
fb8d71b0538447b98560b04fa2e93e04,0.6612411
fb93a5b920bb4706983fcf19aa085003,0.0963606
fbc1d86c546843d4ac860ac7053883b0,0.054165486
fbc614100c654a7893a897e476fc99c6,0.41851243
fc0486cf33c74b57907c5fdbc27d2098,0.9753249
fc52825059874c92ab92c33c28bb9b57,0.66753775
fc5781842f8c41bfa5cfecfab4f5e6a4,0.85330355
fc6255981cf645ec873c1a47bdf368d3,0.81612295
fc6c7ae2ec1143289ba109e1ee7303fa,0.90049917
fc85d30e149047229ba52a0c19b3fe24,0.8264575
fcae6c5d3d76405a8622630894555aa4,0.12152753
fd1c72dc840e4346a6fd4db640cee9ae,0.69963104
fdd11537a339497c8917f01621edc096,0.5030776
fdfa492096224c3780def11329c77d23,0.45360577
fdfd0488c1cf42e9ba6697d42869c9a2,0.9674508
fe00b5f0c9b0477093bb4be687c77aab,0.28528595
fe510025da5f40b69724228acc83ea6d,0.91337293
fe5c3dcc09ab49fc9ffaa7e020c8e00b,0.044470824
fea6360ee5e7439d89fdec645ce0da29,0.96136636
feac978d2c76403bb8c96399472d5a87,0.7402179
fec9e8a1e86840d781e29d1ffa4d89ce,0.9721796
fed1af48ee8f4e5db4f9df9f7ac4cbf6,0.22357456
fedd102efd6a4649b6eb52cdea716b35,0.084995545
fef5816947664d24b20b390ba1ec31b9,0.06732691
ff3e05dbe5124cc0a41f85ba059813e0,0.7927879
ff6e04fd5693438c9cb354adaac9aa72,0.9529057
ff6e4af487e54755b9a5af20fdad7f65,0.89747727
ff700d94b568465fba9833bcc939d837,0.30818596
ff7c5fbfee014f57a3a315cc7de9de85,0.20795882
ffabf9008cfd4ec3b562c015e99c49f4,0.15903679
ffb770a682284f51810cf6967cd26f59,0.21292375
ffc867675798446fa717066cf35b0981,0.73256713
fff9684245754c5ea1b3059b08d6f5b1,0.15003906
