enterpriseId,investStatus
4d7907097d864f2bb71c143b666ee933,1
76e564316d384233b5138c0434867c05,1
cf303f97b0df40afa9a484e72167367a,1
d9692de40d1344498fefa7b6fefb51f7,1
3dcbbcba77774df7a859b9bc0605d1c7,1
a3ac97fe8010435993b67c8151d1fb67,1
93104299e4a24406a6f529ea52898438,1
02711c8acd8f46819fc00df1af801eec,1
106e9e1738144ce28f4e6bf3dd4ba49a,1
5cb268c2f9884964a9d9095ea42ef5ee,1
1016095a04764f04b23934d7d29eddf9,1
c1ed9a22c3da46b8807d38b43692c3ec,1
09c5fef7b71a4de1bdcb9268f5543cf1,1
2e083c1e437646259e802641cf29e45f,1
fe510025da5f40b69724228acc83ea6d,1
715322928167441cb325d7083c2ecbdf,1
1e13a5952c024f83984cd4308af6db2c,1
55cca862a64b463cbeacfbb066923f69,1
f16aeed3a4e94dab998e2b4e0960b46c,1
65f777d1920346448a3b5c80be557a8f,1
4a5df341321f407db7ba3a13c3705546,1
9bad2f87e8d141e8bd92b66d4db2079f,1
d2a1bb0a74564ad79a4482661189fb43,1
22905deba7514cf1b4dcbc3dee048286,1
c6def214bbb14575851b8dd0b5c3eb38,1
ecd9daf2e1bd4fdf8a6186199b744492,1
156514e9dc08492c8ceb15802e38580f,1
9c7568cd5f6644cf85c5923207f41b11,1
80d0b048e3c7466691c8ea9827adfd69,1
3214929b90bc485eb5b1605c862db9d4,1
720941676d8e42348b72f6821ed43d01,1
1f886b03cf53440f9ae18d309b289bcd,1
d79ebe391b6142d89cdc97f2f6a83209,1
78f59f45688c48a1b9ba65f6aa5a1000,1
0e52486334f243b1ae7053e2a12cbffd,1
2c91e58e37c34f17922bb7c8f19562be,1
3cc094b6ce3844f795fff92fd8e38707,1
4dee21ebcc834542a2a8298248794048,1
53995f2690614fac8aab2fb1a8d6a2ec,1
c25bdc18f8db4bbaa1c9626b0f81b53b,1
be192eb09c0d4b598baad953d16f5126,1
28d64b2f7d7c45cf965295296f6fd37e,1
8c056eb9895849f9885344caf2db41e7,1
38b826d1edd14c298995949f4b49a0a4,1
54cb4664380f46d1989d8c170337376d,1
2b391332e8b344d08132683190da9d2b,1
1b7dfc99012b406abd59a008f83aa182,1
b1832ddc94f74e789d1214b3c62295a5,1
7d2d4dadfd1b46259210d9d379f0c5aa,1
ef84f8389ff9475abbd5bd360c67fec3,1
71b7ae8bab7d437fa2a77bb57b467bfe,1
8464eb50e3b94b01b96e79cf1160c0ed,1
f8898188b2b34d68b86908668d588518,1
7c5a4cbe951e4d889ca5a6e9134adce9,1
8557c4eda7e2412c9253f4108db3ef36,1
6da84e48f7e34182b08811b36d5d2f79,1
ecf34098308745338fa3908910c15858,1
212a3bbfd68444b09d46f0c25e20948d,1
6713c0b94c464a649ea4702455988da3,1
0f18b2c3990a40a9a485d9dcdb789222,1
0b727f00b1df4e1db36ed70e7bf3489a,1
9d1e81a59da041cca008b0aff4ce50cb,1
0289a2d2588d439d988403f19f54322d,1
d4c7337da05a41cdbe65548a9e3956d3,1
e10809d61fcb436f9c21691cc44f842a,1
fea6360ee5e7439d89fdec645ce0da29,1
d870a9c5f1a048a8b11adc5802cc0075,1
15815718732043068aa532ca78fe50c8,1
35650cc0e1a3436e99fcd2353ea96e9a,1
20cb779612a84066a2e0bd224cb49cd5,1
5652caec10394648936060681bc9683a,1
22bd6f65799d40b0a248ff6f719edb24,1
8a9e94f232f240f48adf67c2259c236c,1
5f9012e042954b2785573aa681271231,1
d19ec99510ae4959a27c7065b0a6ed2f,1
dac871e714fa41198a4f630e2e7fe776,1
7951837e1cc14b8e9a4a108c57bf1ee2,1
e5fa6255aa3347239e4e0089c5f6c66f,1
0ae93a09b7b04b39937f17f54bd5d637,1
92990a0a5b7741df8c2249a64b87e808,1
162ec7498b2d4dae865e1099a61c0bf1,1
19c6cea1e85648ca91fcfdb2b011a5e8,1
08e6f273298648ddb47d1a38f6cd486f,1
06aeb090295349be89663968a982cf90,1
67c4ac5d5e00482ba6a1b4878712df88,1
25e4e458653d4d2582f2d606b3b4e25a,1
ce09e6aef40f47b7b12b98049303642f,1
e6b06c912eda4d7c9f6d1b946185e3d5,1
49e7a2e842d1413996c09f984a462f0d,1
f8c4021cd81d4140b70760e304d74630,1
2f9e0d6040704d0ebe973f72e4d4bdab,1
b6ce7787d85a442d983b8ae4260be5b6,1
c29ab7547c0948baa80be262ecdcb7b0,1
32770ae8c8634ead88a92a5a0687d122,1
f89fbb740b7b4986a3a74f901e836e22,1
1c85b33b13a144d98d83a9c244d53444,1
0f1a1bab075640df8fbd98f0b5299fed,1
fb30bc5066de4519946cc5ba4b8cee05,1
42b009f344044e1380631c4f4e8b76f0,1
155d5f59c0a54f928d1147aafb72715e,1
dd9ffe6c55c44e40a76a527a747b4d35,1
46751c9877d64bc6abe226aa52c4e8c7,1
87a34702d9de4b36bf1a79879a8a1d14,1
aa116ea4fe7d4d14879530de4279efc6,1
c7e82b47725f41b79b6feb3873e61161,1
c189c3038bf042ff95e4e5183d847f28,1
984c450c72be4d1daad4787720938481,1
98d53f4bc19a4a4d804466be76fd60d7,1
4207d6696b954ca9ab5775c95912a213,1
fe00b5f0c9b0477093bb4be687c77aab,1
b87279ced17f4863a6fa7d1cab2aa057,1
165e913e135f45fb95b4815789910c04,1
3ad4b490a61f41869e3ecf274b85d4c6,1
a8e67d820b50483da549e66eb30c7bb4,1
ef10b504c23140e8aeb63ce81dfe67e5,1
f97b4da0ab01479c8cd54faa2bc6f972,1
9129ae06f98b4b0db039af9b28ac9432,1
bafd77f6115945ff9e3d0e7aa7194fd7,1
41f0bf7393ac40baa1a00c13812d95ee,1
b569342310e04a9f8be82c41d8164c68,1
f475df0cd490423cbb6bb23df206546c,1
ee5ea7c60a2a47b286cdc95a0d9f45fc,1
641589b47f3d4afca31cebaa8ef59992,1
6dc8ac7f9d774a4b877116642e513344,1
3db98fb4c8874eae9ce30d856e2c7fb7,1
bc1f0e1743094c459f494217f197ea23,1
f6cc83c726e54e5bb4c986f419b82c07,1
d3a6e8747fd44ea8a433bfd063fdf106,1
c712f947f75d48b893aafcafc6760139,1
b6fbdea1b8864cc9986b54cbf6c24103,1
405f94cdc47245a4b7e7fa8b37d188ad,1
1c43dda1de81495db7c4ada906f83ee7,1
12c3567ef0e04a69a6108e778d0ba713,1
b48206a2a0514e5fab56c2d7eafbc372,1
10b90559d8994ac1bd7d3e8bc8b4bd58,1
abbaef1b70f54a588fb0cd715af4a690,1
248c3f088b3a4d3fa6c583687dc013e6,1
3bd0e9efab72453cbd6a1430f6d552a6,1
a920b6b205f849808605fc192374a431,1
1dfe1b0f14cd4bc3b6bc7138ac2ac866,1
40bb4e11e37347819eb8ba880477e713,1
aa45ce4ecfb642ef82f17e95cd5da5f1,1
622a5a3d0268476f89f6b45612cce382,1
a79564c29deb4bd5a7716170d12e123c,1
f5d565dc98104da9980249a54c136ef9,1
d9db39c681e64941837940250cc31f94,1
41f3139a8c574729bdb195aad7914643,1
c2bd5e5175314c65a152cce1152f4622,1
1623efc67e5c44cfa4a3b30317779bce,1
9d667cf6c1ab4997aef1d6a80c78cb91,1
2bd917a9f3794ff38f0de7983a76195e,1
3eb190dd25564b8ebb4c93980350181f,1
c31a89cdbc3b41d8a93c41e676fa4230,1
72f7b5bf941d43c3b303c87107303204,1
5049baa8abdf480fb61c476ef13bd09c,1
80c7ed28e09b4bf8a863ee0f8b0d67ef,1
60f5db33da194e9ca3c84814f9880ed1,1
e8df29b1977a408d8fbfa3003da4134a,1
25ebe9ee669942969b5a1fc7baba16a4,1
c57bf5cd772f46e78a0d06078fa230eb,1
9e95848b9c3d4ab99b7574173286611a,1
e4ee2b1798564560872886defdc46193,1
c6af062d3dfb43f1943ed3ef300e8870,1
6d933117242547d0ab952e1de0f28f27,1
b5112f82c8a24ae28c0b22133e8ed429,1
c475d255b07449eab3372ab6d3bb4dc9,1
b85c30ce0fef4ae0bb6410dcc712c932,1
7920b56ce6ee44d69ae526b8b36e0d4b,1
0cc490a1dc614099b6f20b5765c29a27,1
305a8296b794498aa7b4e8d9c4a5ced3,1
7ceb068dfe7d4b1a9900e226164361a6,1
ce0ac3f02def417f8c87fb9869dac02e,1
2f7745bd020e4caa96522d84f4772662,1
f76cebbd8447472ab4752d1209e7be60,1
963227ee9453476b84c331f672790119,1
3cc8fa43b9444212920ba5b2f6d21d36,1
5f89e633aa5546fdabff9d56c62e02e7,1
b72aa709e0fb40788121862c34b2e784,1
24a70f3f5d214920bf30c9f187c860fe,1
2e4db5252c8a45b8b794cd1162716213,1
15551f9d5a354732b407d59093521018,1
4bde916e5a044d11b04c587895ca4d09,1
efb8e74f960646d8b9b869210fab23b7,1
28977d884fbb452c8a682c19fc0aca94,1
929fee2c3ea54d18a870b93e84c6a2d5,1
c3b4438bd36c42a0b5f4a71d7c30b64f,1
486e9432a8704852a9bfd7b0fd8aff0e,1
cab8f3100f5e4cabbd98704787d26b52,1
9c1fbb7c85f042d5bc5a00d790796702,1
a1cf261199c746599fc7b0f6afba4678,1
029282b05a694f779b754d0906f23775,1
93a29afaa3524802bee49fda7f0b3cef,1
b760101fd9454017ada81ae305798b5a,1
53ac9f0df9364640b86575563e72aab7,1
31a4a02a0a6b46dc9a51a9c7cff4ecf0,1
af0077432a194ecd90aa5dddd137f8c6,1
2da232584b934fb1a5d62c242896e3a5,1
38abd1c014ec41b6b96241a1125d7af2,1
8e017b14ebbd438097182a03ed67a388,1
6b5a6f2e03f5489cb37aaa9896a13378,1
9e782a85f03a48b69056a185abba2c71,1
53057892e28443d0b42dffc506503f5b,1
7f607fb3c5154c84882564a2bc46b7ca,1
bada0efd8a11480480e0227baaec9c4b,1
50a41b74bf7b42f8adda6b31e7f38ed3,1
ab1400b61ef84b26aecb484b95e8712d,1
c1a4b1edbbdd4c12b0932bb2a58acc9e,1
d356e9dcb5aa4799b9903dfb4a1680a7,1
52e1ab30183b4776b0a49950e0463adf,1
07eb6e4e254e4f5bb0f0f594af3c6220,1
bfb9b1a91f3c43de8139c61f8fa94721,1
c0e31435806a4ede93a27ac69dd0c047,1
816b40ea7e20400690430a2541f71390,1
98ed54ce60c14b08959d2f67c21e4831,1
4b0cff5c05644249a9d92ee502f702bf,1
a8293d735fce4108a6709e50e69811ec,1
824a7ebbcb0a4cceadd7ed86cf3e99f6,1
3d6b9df7dee942129544d1e567e916c8,1
c4347d91e67a4e79ace49cda455535de,1
1cb7844ffd1a4167bd95a76935c212d2,1
7a9516fead31496c95689eae9c334bdb,1
dd3abfab37104bcbaadd3b837c7c6b9e,1
ea797b329b49402b89a5621e3e9818c9,1
0fcb1c7c22bf4d06bb08f8e31e78c232,1
3f6f34634c25404394415c30def26f9b,1
4421ffd6e7d54f7ba0d4d5e07596b5df,1
c9449c0722a94470b961e670dcccfded,1
0105db0d1a1a46aea4f9bb2d5c29abd0,1
ee55a13904c34725a002b64bb9ce19a5,1
a23f7eb0380d48f29ca5f7c6660ba954,1
99872d22dadc4ac5a701899ea065b29a,1
40dd14b2261048fbbe8b202824286849,1
2a11a6caa12c477f98793d3ac585bfab,1
7bd648083d2542629d880ebeb37ac0fc,1
ae907faa577a4f519f34886e606dd49c,1
b38299a478524229bf7f8ed69fbc4adb,1
b3c64d8b67af4bfaad9f0f7562b9528a,1
8e7b215bbae64faeaa6cb2efe6e5c81f,1
1628ec02820f421793bf9c18da416d7c,1
cba672f7854d4f24b7cc1e8ebc26df59,1
9721cf49c2d14f07972a64a7405a87b3,1
c3953378dcba45809007d66c06228e1e,1
3cf0d26902e841e2bc1a512cb2e8d33b,1
2d025f3c370a49c98e80ab9562770f49,1
f489ab9f50aa40b0a49c2f9fe1a3617d,1
13209433c84644d58259e48ee174f541,1
ce8bc263bfe447a5a1523276dd0ead45,1
574d1f1dd19e4f4fab70936c9d9872d8,1
09e0e3edf3d54524aea1d4f40b0f24f0,1
abce5211684a4ac68c79936c1849357d,1
5f60f799c5df4405a6e0e7b0182ec03e,1
9c38598c2782418693f0f76653f86e06,1
70116e7909e44f05a984ec5ccd3ff6c8,1
6764cc8a5a574bfe83cba417b397a36d,1
b77134cc3ad547188b86badf2b342013,1
3555066d20b7471a970aa9029cd2bfd1,1
eb0ec474b79e473dbab2a13d99bbaba5,1
6251035432b348feaf6949bdf0e17a9b,1
3c299c96f7aa4a2997fb915ff4005fa1,1
2ed247686b7f4959b614cc523e92585a,1
a4558cfa0e764fd1ac868c2808360841,1
11e0226adda648c7a33df200b2a38245,1
166fcfb3a0dd41f6b4c1e07a83fbd8bf,1
c608e44884dd4bf6960601ff427a0c82,1
ffabf9008cfd4ec3b562c015e99c49f4,1
6608ee4e22134f299db88361a1b69edc,1
dfc0191e446949a7a29741b799850a1b,1
5eb36bf32d42456398d75b9263fc13eb,1
52a48bd8b51a45338bc2f194e874a47a,1
19169ec86a584c78bc15abeabb41f927,1
da84e25765d34cc994bf4aef84ca4559,1
a7cf08dea81447c8ac5f56e83d48c878,1
7db86d96db74475ab3219eb8519983a0,1
5a22b9138c3c4c46ae130855fff39bf8,1
d447f4fd72d4477aa4e09278b9dc3cbf,1
411a31c5dfdc4e0390aeee2f099c8a1f,1
ca14a13a94b34504b0b0c0c92e548db2,1
a301a87afe43442a8143b6a529da7fb2,1
a91f097077e54bfc9c78c347140f4e2a,1
50fed1af0d6d4b898dc4885da922a3a2,1
b73a073798d946d9b83d4d6d3b222141,1
d7f28b4a3db34eed93620bf2541758a9,1
09f63e054bdb4330a0fed377624132ea,1
928d6e153b8c4a15988bf14b7356658c,1
3637e37db93e4a44aa023b16bbace028,1
57dc5e2198094034882e55b4ff0e57d3,1
c5dace18f5834ba5b2f08d4e88834400,1
6bad6cdd76ed4e51a76744d0d37f4bb7,1
6c08906f64704b0086f5c55dcb5de15b,1
984dea88aa8f4e71b40fb31fd1519e3a,1
4b363552b8ee46f391654bea2bb1e908,1
c67f2e60c438489d960c257e26d5a885,1
2f2df782bd724fb6b8a93187840b1c64,1
16e90281afa3471b8557342fec08c07d,1
32b4d0ca296a4bd1b305fa9d9d6ab85b,1
f49dd42b57644b3982ee2b36b47917cd,1
7887e19e972743daa4d16887ab0f2114,1
83e77c516f1f4992827cf6785b1dd6c8,1
8df6d6fb1e9b40a19cb8e551bd1df661,1
078d8baf62ae4bdfbe9c5c4d1eab3547,1
137b17ee1bd84c349fb33a5fec723a31,1
62a1242a3f2240cf9078247ec000025d,1
7dcef053cef44697b7236c3fb0a586b4,1
960b0e64daf94787b774f9ad2348ab17,1
e867970990ad46938fefe0a0eba607bc,1
9bab106874d1448ea6b3e70a9690435d,1
a31348e0d9b145b38677a3848797df86,1
f3322d029eed4c7b9ec5d6861964531b,1
0145cb98e7924deea68eb51b01f23b29,1
0e1dec3192a34c02ab1bb570964cd3ea,1
1ff6ce51a22f47d199daa923fb9a39df,1
9162be7e8a5c42e09ceba0ea5cc46928,1
9ec040d851a148ca9ae0ded7c5e4be1f,1
4d903a3e13234c94b27d1f65af668d6e,1
ea66e03d8e3b402d9577ce8f5ffe1fb4,1
4c8f219fab144bd69493a4398380e83e,1
08c185f2671043b793ec0c22791d9628,1
1fbb510681f745f8b08905b220d165d7,1
74c3f512d83e4b8caef0dff20c94dfe5,1
941abe764e5c4d1990ddaec2fedc5309,1
e7dc0108899c4808aa654326a3435f35,1
0b3ba197a9e445eeb35f4d3080afcbee,1
602e28c4db3a4468b45a9df3277f9765,1
799b8638e3104fd69deb81100b15d9b3,1
4918f98a82f743a89d8cb240381cb045,1
ce7ac3a52c084bab8a6a2b8dd43e9af6,1
4a9d725867db467aad52967bfe55bd2e,1
274d4b0846ed411494b9838bfd52f802,1
97c9df85922e4617af28486a32178546,1
ab55cbbf511346cbacbb96e71b7fa1c0,1
e2c660e1df114d4393eb4b5f0776a2c4,1
934566c0cbae4a7e8760e4e369200f09,1
5b0b5ee4a6e74b459dcc2172845cacef,1
8216df964e014e78890fbadbf4990b3a,1
ea70a27eb8634b84a735b16e9f35b0d8,1
06145fed67184f4a9c87e43062abadab,1
2965dcb2c6094189b16a18308d7665c4,1
6df395e8d5e54ef980fd71bf9501eb08,1
902e473277564d44a218082677a94602,1
efabed238f574d2c97d7229f23a53cdd,1
04a8eded43654f72a07e75534851b00a,1
39adbea2fbd74a258dd80289dd8d0ac1,1
45c36c521bcd4dbc84d23a20b1520b4a,1
fdd11537a339497c8917f01621edc096,1
08e32eacf2ad4a65ac95716a136924dd,1
ce35686d04ff4b5d889059f516059728,1
308b2feefa7c425283a1dfdb56aca8d9,1
754bd01ba98a40238db414814701d63b,1
a2a58c9b4702468191824922a6627f56,1
1d14dc04aaef4c48a1036b93ed34061a,1
5860f29a457a4845bd978e3a146e2d1f,1
b66536719f5e464d8044c5ba4213561d,1
dd91b2fdbdff496db8d903230235b292,1
6615c520c8644b999370176a071a8801,1
0e32b4dd17f649cd9bf987a265aa1486,1
23523fd221f647af9242f47c961bf846,1
2d1bd67e37674068bb863ff220f2dd0f,1
c696a21f5b1140728cd05a3c0e5114ba,1
026296bd2687434da75eed60bcf00eb1,1
ac6a422dd9ff4d2fb344cfab15cf1957,1
ed588e810980400dbe27d1ac3aef01a3,1
82c2de0b7c7744adba334708e2e43629,1
08579564737e4b1880736cba8298a045,1
ae8932d0ab06484e9dddbbfb06669122,1
bd9437b341024b21b85d9e2f31f6928b,1
4032d93c74d54b4ba9adb514e51539db,1
9911dcfcfc794277b0765b3ccd607aa6,1
279f356f1b104a67b48a68279f97bbdf,1
a574efca0e954ca7a741de4591ab5bc7,1
a007630b18ab4f7abeaea7299c972f3b,1
a69545fa185143e0a8c7a53f906bf67f,1
cfeaf55463444b51b867ff771c283d81,1
5b9f82f7743943edbdaf09b76645327e,1
d8651bfd135641aa991d8177b25f84ea,1
947257b4ff674fdaa518a4128944359a,1
1fd2b5532fc34167a058af969b43f8c0,1
10e32671658d415f8eb5b83cc19d36ca,1
a6d560e8b242486ba9580793d4cbe9ae,1
78c3a199244e40e69f89490c5baa5ebd,1
1e1fe60b18fa4f26a0bddf8f6d0f86c2,1
b3302befed794ce8b66cde79e4bd9fae,1
ab157e12611c4159ad40997112d07976,1
5fd56d3869964556a108695cbf45da89,1
1fea03050e1c436c9a0c2a3928325d98,1
bd1b103208864837a0205ae71df8037d,1
371da0b5ad674bbba6aab7a48e3f0d07,1
07be7a5254a74847b877108392394024,1
2319327a56184c969422b64f542501a3,1
ca692cb0bda24ab68b10b081db85ddc6,1
65d0faa7284d415a9351cae81bf90495,1
c8dc5fc1b56c4fea9914bc6d76258b49,1
0c51b35a99064a0ab0493cfe31b5d8f2,1
d3072c91a60845158ad9c4952da832f3,1
2ad42b6a36054afe82b6629c488c35df,1
bfcc3611e4ce4edb9beffa520e05853f,1
2fbb0f14566d41f184a85541fe60438f,1
0025ffc0324a4180886028e3cc874bdc,1
b5a6bfcc6e2c4bc09c1039f15232048a,1
cd8f816437ac49f583307899fe795b19,1
93fd5748f8bb4235adabfc10f6704678,1
5dc51c5f0bd34d8a993595cd91dac393,1
ac1651c17d5c4b5ca1a2c736f463a2eb,1
0899ae0f36044ee99f9483ba97030e72,1
bb2432a04753404681f0d420fc16346d,1
d06dc558afa34a92a4e49d5ddb3cfada,1
425c647bcaba46ad9798f93e3c67ea6d,1
940ce738a0444cb18c2db673da5f64fa,1
918ceeaf00f54b869ded50728aba8c13,1
ca7a6eb5e66a46ba8b9c692efd43059c,1
fc6255981cf645ec873c1a47bdf368d3,1
1b7899f840ba4c1d9b9c44ed85722c2a,1
0cca96065f334ac79cc834372144444f,1
e4aef9a596514f3e9d2f6decd7c7c13b,1
a092ba9ca2a74079bae4a198631921ea,1
a32a9734a03e4efc8d7723ff642fd13c,1
595a965649f244fc983d22006d9c427e,1
6015d05bfd3c45ffa7b89772d79c666d,1
db06faf20c8f4066876c18d47f119d6f,1
82eab1c9d4894cd884ca5275e6c87731,1
50bd94655e4a4933a23973627d5e2451,1
937a53fa6bc44b1d8b350b12120a15c4,1
b00f95246d6d4833aab2af49cf425cf7,1
f6c13dba074c49e9b8fb1aa5a75e472e,1
221b10a601d647ac9beb15e61dfced55,1
1f382eea9ef44edb9cb8682ba1738834,1
ab0ad4e247d94e68bd1bd89dc1f61fe9,1
f5c0c49876da4a0a8d2ff223d95e9722,1
78d7e389f5804da0aaa1d923f853456a,1
3f765858927847bc9382eb66d8fa12dd,1
8d8b96ebbf8e419dafbfe3198dc26d48,1
2b15a022bb0e4bf28abce1057e8eec02,1
3d56abc8765c439592aa98133406c63d,1
1975a590c980442e8dd9c3925b7bea30,1
6cb7bc6b73af4155b75248caba7f8c4e,1
91951f509a0744dfb04cb94fac02d8e4,1
5fb08be83cbc4971833aaccdf7bc9ee3,1
7c5ab5e336f24628ab7b4f79d35a6baf,1
b03ae7d2cc114094aa3a1477e5be2a99,1
4dc7c79c9fb34044adc34ad7ccc96a40,1
a6fa7497fb734570a3d989a7e91c4631,1
ea72e8d2d4b1498aa81d383d1e83cd95,1
0fc2daf75507474c82b389ad7bd0fb24,1
74593a9b372d446bab6d0bda829bc411,1
1df5a4239b3d42e28cfe6485228241c1,1
034324ae1cc04b67aa31dabd590157ac,1
d66bb2f3b1ed448d9b62dc1259072509,1
57ee365792c04b84a11503b0dcd9ba49,1
53cdc62f71954f6591940b84244959f3,1
4dea4e08c2514a3a89db1b93fb75844d,1
a607c99ce1f441c5b131e4eb4e442fce,1
7aee003049b541ba959770ebe320f7c7,1
a6ce40b8cb6142c788034e86c1e1f28a,1
81d9f81b10614998b21cbd9a838f7e70,1
d8bafe7d24a1481aaa61c1553d9c00ce,1
9c4b3e145e794729b13aacd356d0a946,1
724892adc12f4e8983fca6e8fd08c754,1
caeb0ddfc6d24ad18926500756920e4f,1
789b5eeccc034d6199a9db064f5bac39,1
08a1b0da9e074ab180093dc7d860c5c5,1
f514937dd80748a882ed5f7f411958dc,1
e7dd12be2dc94d21ba5fa45f500e4632,1
ed17230ccf074f6ea180c9f9e2f726c5,1
b61b753abd3e4f95bd9e7bf86e288fca,1
c11509a351384c54b2c41ea07e1fd2cf,1
9f489c860e5340478c6804b6ec4de9fa,1
cbf82f71465248308c7b2d5c6f01ef36,1
da28907f49e74c0b8e8f68d78cd37940,1
74f1033c4f34478fa1cd81ff6e60f9ae,1
4957be697fe343dabaabbbcda43af943,1
218a7ec43deb43bab727acbf2197779a,1
9f3177dd07a648b8b29bcca62ea01015,1
49ea248422094a3daf3462d3d31f2188,1
b21728e0dab047f4a7dc5fc5a1c8e80a,1
fdfd0488c1cf42e9ba6697d42869c9a2,1
ce8a17e225cb45efb6a0cc099e7ee0b3,1
48ddb50ce829416eb156ff0d089f9384,1
6616a440f607413da53c16d57ea18233,1
513258b53eed409c8b911978fe022867,1
4498183b94d94e8783674241c284c4ea,1
c614ec77b1fb4a8499a7b925841ef813,1
6a997f6664e2414b86d8c89d98d9afa4,1
64fb0a576fa14650a08b2800e4f42d4c,1
cfae6040553d417580751aa88eb04479,1
5c9b42a3ae454aa0828d37a2fd567a39,1
0d8c74c2dcd342bbb5ba09c673282bf9,1
8d859ddafa3b4cd3b1b8963613a10d15,1
67b0466e90b84d53bcf36540048d6f47,1
51127dced7f241579a11cd7b19a2c63a,1
ca3a8fbefed9406eaa80ecacd2823673,1
9f02fd7168a541f38793a88d95f03a24,1
29be48ae734e4521bf660234838201e6,1
ec686c6527f84168ab3d5e0feeefd3fc,1
6a5d55bac05c45c787b35861cfce6052,1
3256d5e9e61f4f5f84792007a264b07f,1
55995691cd004c25b94c267c153d7065,1
25fe8cd4bc974cc0ad3a3caa8a9fc565,1
44b53995dc824d85967b6355090fe98e,1
346cff9a48a14f4fa11f05eb1c461ae8,1
a3b490d640b548b4a25f7e8f770b22bd,1
3d711d2438744a7988b1167ec7acc3fa,1
2365ab4ed7e241d49b3787350f8904e2,1
3159583a04a84709b654a472212ea646,1
b61ed06d492c4c4e91ba7860ecca8b8a,1
1b5443b24fa54b0089c88ea2f66bdfd5,1
50c7b33de118452d8873c7be5298a78b,1
35e816184f5e4b2f8abe16f3585eac4e,1
a36088bbb28f4985a685ac2099dff49f,1
7ed2eb9a2c474234b24c51c477ad3700,1
b1fbc3e74f374edaa4e1ebfddef29b7c,1
b001d6ef90b2478796a88155f666bc68,1
86376e7aeb224631b05eda97c2392335,1
1537b5207fe44b358eb870c4b083f019,1
6ee2c71706e44c5e8df9c615ab9daaae,1
7075d0ee9e55458ba7aa5d34f8e792a3,1
87ac340163c7410b8318c6a41f8f27a1,1
ff6e4af487e54755b9a5af20fdad7f65,1
9eed2e33fe53423f9fa56e6cffa6aa8d,1
45b8f965601c4724a5148403a0f7a480,1
a1db868a8d344d0aab84b05d99607601,1
d8b3288bc7074022acf32288f36e00f4,1
bcee9e02da794f67af52b2bf5b483332,1
dfda1282b4124505ae67a369962c8e46,1
6702969540a54062b2dfb4fa14049b5b,1
5018d47ac6b049e289d23344098178cf,1
9c09593d32ea4487a7143663d74e3804,1
cd6dad86fdec4e3695d0b65fdf1d85d0,1
ad272bbe358b45189ed2cac03b041889,1
20e7c387dd5b4af18806a269d7ee8e6d,1
345abb07de5d4a418f800c74fdf06649,1
87d0334cfbe04669bd8f9b534beb49e1,1
4928ab945f234a13a0ed0aab337fb8fd,1
d61bb915be334976b357b4dff373b426,1
712d0c301ed44bfd976abae14363636d,1
0f076651be1740849c9f3809434c7860,1
838eb0ae5f5f4e5fba66954954dfe303,1
90658b7875be4d288b16e1a45bcd7a46,1
60cf6f18da614059a2db42d609df4d71,1
d4d47b8709ba4b7fb6437f746f16add7,1
03742a722f9d48c9947d614dc228d2ba,1
2d258663f5e348899cc71d323975aaa8,1
61168af26a4e4334a5ef66b1c2705cf6,1
7d7ee2dc2758414c9333b69e07b29d67,1
ecae6268dba84ac2b907ccb32e6a3e1b,1
33cb4a64ea1349e8830839f1b2356aa3,1
c0daee2a1592456ebe330bb7267aba5a,1
7836a9db99e2473f8739391f094fb15d,1
a3204c287c1c42c592f4376ffa46ff43,1
a987406409dc456eb8d82eac809fa33e,1
cf39d8fe87ce4d78adecade82aa00150,1
2f9722de177348c7bb0e7426ece72f54,1
87a68db11cf64cd48f5270da9a59c8de,1
5e581de1004b4743a689360008f95db6,1
7f2dfc5f9fd44cf8a82312b6d0080f24,1
da171ec5cf704c1fad7ea7ee02f2809c,1
6d597239552d45f6bb69637079162c34,1
b84c3ddf64ac4d8fa909b55595f7cac3,1
389d0a88c6404e04aa96143f5d992525,1
3155c316f6594031a7611144c6a03041,1
db30c3ad60de4753af86673f05cc32fd,1
82ad1ae8fda74b6b98b5c9d56bfbce6a,1
0a76a03856194336803ce06feed319ba,1
490ecc4541a94f3e9a3a6fe66e68e6f0,1
ba95fd2f048d4b4281f1c71ce18b503a,1
d7aba7a5843046ab8af37f198532d400,1
7b16593af3614f2cae49954dc55d15fe,1
e3251dea8f8c4d28bfa1c105055e9280,1
ae936ee442234b838cdde7d11fcb8179,1
0c306d9b61fc4c4292d30e1a7efd5bd1,1
394db58931944971aa062ac88f580bf8,1
3effae6e5fa34b0f94372a230240d744,1
01913eed273e470185bce952f92caed8,1
9944c416ea254820b210d57dd5e8a465,1
bf2e839a4c8d4e9385080ecbebff5a3b,1
6366944354144ebd81a309c29947605e,1
8b03add4e9b4483283f553cdc917ab54,1
ba6dec29de884827b4c31a3772049cb3,1
4a434a9efe704e8284c9a06ffc5c6f32,1
0b9a4e17626a4628aeddb085a5069cf6,1
8c8cd1728aab4602bda5c702099e585c,1
1a8989b3d79a422b94161446b9ad8064,1
87d62efaf9a8474e8d0e57f47bbd220b,1
1e50fb1463ec43b080a645cff0898512,1
5664ed89783341dbb3c89ad1894bdec3,1
ff6e04fd5693438c9cb354adaac9aa72,1
8854879b1f964133a16b41ea63a41e29,1
a14793bd911d4f778cf7380e0bf84adb,1
f99d8c73bd32496f963e436e1741e1b3,1
800066c0a71043e1a37981e550077fbf,1
91b2977226d94b3fa10ef07b2132c9a6,1
ee989addd51d4aac8c4b90b729e5c307,1
a6e44be2db0f415bae0c4892d9f51e37,1
dab7fa293da04dab81b12e7ee5d26358,1
d0403187ae7f4cd6a33b37fa5084c1b0,1
062ac235d28f4301a8aefef5e930aa63,1
bdd37e4b9e67413dadbda7b31a31e847,1
c1ab519afe7a46d0926afd9654b2f2b0,1
6484b0b1067a418db779d30eb5ceb1bd,1
2cb1f68ee678461a814114f1ac742077,1
7567f731401c492abc5f1fa599bd530b,1
7c9abe51edb5418abb290cf223be8fc8,1
d0e14fcc3f1f49509da3c6b4847e8643,1
f68f0d4059d7425883c8b50f4607a55a,1
a85e2536908c48c3a7c701ace14900fb,1
c798bb118c0245968470de0b7a2c0349,1
b730904627864f048cbc451bf81eb4b4,1
4a4ce2a83f774b88835cd275472f4516,1
d87e531ec29649e4a89cb7deea672627,1
2291f17874b444bcb91f7a46ae713150,1
48e8fddaa828482db5c3fc0e12e3f506,1
23d1e2d328044144abbdad77e4038928,1
7f829223d8a44f6aaff1e1c6dfe0df3a,1
5e6055ccd98e49f6a6e025d11e8a9929,1
fa22d9f0de514c48a03d8dba8df5fde5,1
bc977df4eeae4c22a467c195838283e4,1
2ea863151ffc41cbbb42b18329d0ce14,1
a64650457c2e4498b0d0e4e823c85d60,1
8572110d56cb4769a2d03a7ff88e61fe,1
b1641815ce8144bea62142ff2fdc6f40,1
78c09174036545b786edf9b13b9e9ddf,1
c340bd6f62944f728ce9a4029b160770,1
d29727a9174f4e1b8bd9df81486052b8,1
01ebfc85b00d459c9d06e23a326f7dc1,1
332fa8e41f554bce8c5643ffe3831ea7,1
8ab6825d35774259b0704107f15b2a58,1
9b1aaab95a2f49c99f17ed8114e5c57b,1
c69f209ecf844797b1704d5d3e86f69c,1
ea6afeaead8c41368575cbf248185ecf,1
2e30ad80dcdc4374b6d47c0aee9b1a78,1
0bb8e894420e4c8c808665ae778cac01,1
f14a4073f5b3441fad7c1ddd3dbd6365,1
ccd1ff578366486f8907382e36db5106,1
7728a9c360f04b5a86764163cff3e345,1
225d2eb73179459c9e38b817bb6a62ad,1
54b27b5fb589416ab3fef5a4ce3d6170,1
e196e6aeb8f3461e8257f8548a30c3ad,1
8755c2fea2f6442085915bdb73dfe4c4,1
553a13d1c01549a28c6a691802640074,1
e7c005031ca54a608313aa5a81ca857a,1
58a84a6ce8fc4919a5e4a34a2053511b,1
bae6636e2f6f460b91f67e873d75a04d,1
3b06744f0d09472c9fc3631d268b6b9d,1
b9cc3d7e3873422c93fb8d78eace0bee,1
30b71ca624ad4428af9c146c74c5689d,1
d7025730f2ba466f88c69fc4f4c26dad,1
980d94d77e8148dcb83f222d40e847aa,1
93342b2bb1ac47df9c0d2b54e8fdbfd9,1
a9d326be80694540bc256324d345473f,1
30dd4463854445c9be30807e9b4d60f2,1
fc6c7ae2ec1143289ba109e1ee7303fa,1
91c6d381a3fd4594be62513c57f54565,1
cd7707f1bb284e829fa86b5cb2970a85,1
6d02a7bb5c0b49febb8fbc984e449f10,1
e30f76b774c64ca283c980104ad14ffc,1
715865e203a848cc8b00a1f22757fb5e,1
56b64ccd3e584467abacd6f31d4461e7,1
e7f4a76b80824fbea95db086708742c9,1
1606625d12be4a9583a1bbd08ed72c08,1
6f6f0992a8e24ac299e89a468c9cc7d4,1
20de367d822647359ca1621affc24ec5,1
2604bbb218d94729ab69401ff5cf5e8e,1
5540f5720c7243478cd8bc0f2199c2a7,1
7b1dff3d7e5b4c43a2912a039773c0f3,1
c66dee955ca946b08102fa372140988b,1
2feb720cfb364082be62d8e23e75db21,1
e243f93bd2bc477798079972b8df3ea0,1
354d46561aac40d89b61830a43f9eda0,1
1bd8af3544074359b9d211c2210129a8,1
8243d6e8820a4c9db149e067250a7594,1
6ded819cc90e4a799fb0348d35ce43da,1
1d7dd9e09f974fcfa4dbbdf7263d3181,1
308ccdbf882c444da03b41c2d5711d18,1
fec9e8a1e86840d781e29d1ffa4d89ce,1
06a59b378143499b9e7d9eddd761d2f8,1
c7bc099bbf7c4d23809a9d2c1f0220e1,1
d65a061d7c9d4df89299c400b1bfe7a9,1
5c649012f72f46a3b0f6f3e39181dee0,1
c7994070d92c412c9a61dc1409febfe1,1
8011b3052734410d89e875a11083079c,1
4c7fb1a73bf94714b9df4ac17cbb75c8,1
c6777bfe0a9341df812f259efac07fc7,1
63145e8e4e514e4f990c379c28d67e30,1
e01515895fe44ddb88f8ece8cc2d4c72,1
c15a6003f2864a329a877af42d79fd14,1
6086c029bd8a42f8af37ba3b1834e74e,1
60cb354a285c4906814dcb88295a5bd3,1
17b4de8a834d4893b4b0cb3add6bd596,1
1350a5e049334adc8f749e2f83269823,1
8e5511aefb0941309634cb6dab434122,1
e1e97fb14262459280fd07cdae1e9aa0,1
aeae81db2805484aa7c7703b82b29a8b,1
776c38f946bf4d908c9cc7049531299a,1
927eaa3991454fcfaf8bde4e804f6684,1
3e2612808b6a4ffcb8fbd33517cf8b88,1
8196adca44c943fdb5c61f6e266aaf7e,1
feac978d2c76403bb8c96399472d5a87,1
61107f190e3c40e6b2842080a111c067,1
a31ff19795684a38a9c7ca3fccdf416c,1
d4c0c5d06f834565aafa270538b50d4b,1
34ea9c54c38d4ba484d466a8d17a3467,1
c0fb8679d8d04376b30fd879d1a57007,1
b7744be738ef44408571c36812eeaf4b,1
2e3a16c6db424897b44fdd32a518bd4f,1
8fdd7884225e425eac06df3a82c58bc8,1
66858d51446246c19d5428a2bbace359,1
49a11a29c8824aa294643df43e8faae3,1
cb2f57e6ba0c4009ad594aadd5667197,1
ced70967133c4e4daa010ef5c3812c14,1
eb5593cd8ec44eb885089e75c7c399be,1
49ef5182e0094d4d8fe8d74ab1dad774,1
be51d325afc64527bd4ee14facd11b90,1
35f0742d86e546f697b9abfee0062f36,1
6ba9f7746e5b481cbe8b8db33c159015,1
9e25d7b4a453409da7a58e139ba82723,1
32744479e89b4961880ef9230ee856ba,1
9d4bbb9b82c44a759bac5392c879a100,1
9dc56ea88bbb45b6be36bfd5f46b6473,1
5e67fb52d1b743bfbd81b48f41d6e7aa,1
cd844e907ec946f9bfc2399e3fb767c7,1
1053f24de27d450cafc8ed0bb5a5e255,1
bd2c41c1d50a43fc8a2a20224d96c9ef,1
a8a8df295f4a4b119a7f106137e83858,1
1f20f84161bf4271b88cd13fa79f1a8b,1
504d36de08f740ec92011838027c6efc,1
27a0dc48cf0c454f9ef2fbfc22a64312,1
c0f68aebb30c4e8c83d287858d9d45ab,1
782ce2e84ef34eb0939c6c9c24195ad3,1
4468344d544049ceafb3d25b061d1fbb,1
593010e14fb94b7d87aba0e6c785b42f,1
b4ba48e9516f4902ba2be9ef0824e6aa,1
617e20223d87496b944d61066db02a53,1
04d764b772a346a3a71ae0a348b58fcc,1
eb68dd4e99d045f2b58e1f35c69d06fb,1
5c00b3e673a04a8ebeb7874bec78da61,1
aead87185ed040fba328ffb0c495ad72,1
a4845356f7a848418dcbcebc14b6e123,1
a6a16c5a3ba34662b35bedfb8cec8b1f,1
017da107731e4494be6898fdd08f7b47,1
e8aac82f85e34ec8a1ead488859a3094,1
e9dda7d331bc469fb957243aabe70931,1
5c986946299d495ea9b356f08f3d0318,1
164ba904c5e740889304b22b675851fa,1
badb98be9c724eeb892004227081ad18,1
5518cef919124c249f7169a12eb320ae,1
a60ba4adff7c4d96adb37c719b92b7fc,1
02a4822325964c18b3df8c4567358a52,1
18aeca065249421b92e2dee7f2e60719,1
ccefecf1e5624eaaa2febf753d859fcc,1
ee5204205dde4b8fb4a935e689c39424,1
72b62aed2ef743de8d9e14a27e7651fa,1
f8c84eee92954ef19ce01517dba4842e,1
1a1613da19354ea9a36441ccb79c88b1,1
d8bda62678a843d8b72ff2d9d8a0f647,1
2bd85faf0a8e48b39c705bf22c31612d,1
d72fa5ceec0a40f89e59d9a1c32b11c5,1
d9e1f9371105493b98f37dfb1e837db9,1
e77e208a5e694f41ad66e9e6e0a42397,1
6c498befecec440cacdf27c5ab9dbc9f,1
bf04bdbc89384717b2a0256957fad9d1,1
73212abef35a43b1b683c505faf7a28a,1
71aa29c4a8db4c27bae74c0911357025,1
335c34350c734731826042a87b2b6508,1
71769309284646fd9bb08fd291c2bd31,1
1f9655beedb740e48ad27c73988d5987,1
e6d308b6a9b6466591b8e8279c3a270f,1
981a4cd7a6474eb0ab4f0ee49da6bd1f,1
5ec55034c1554669ad547971ba4dc920,1
5179acc3965e4a728ea4498e1011e51e,1
6a61e4ea7414406384bfd1bd52124dae,1
4e1223cf04524b0f8f9d8271d30a4dff,1
6330a6926053483bac232a2845f60fd2,1
e78765afb36a4640a7501ba88bfafc2f,1
6056fa4c8eb243fc868ed6ccf7b8bb98,1
df69763e0a9b41ac958e7cbc6b48d33d,1
743b69010579423e825d27fe36b7da21,1
16f9521d4f484073b0292e33d865977e,1
2aa1c6c8146c49c18310b61585dd5dbf,1
174a42df322d414994b092ef6763c5e8,1
883fd7a5c70a4d528296bbce750f309a,1
4ace36699b114d62b3d9aa081e6a7108,1
9b5d98b4ead4430ebe236d01f733c469,1
d290ad1b7f75418d89e151a91dc9a533,1
5e752ddee39e4a0eb7fcafd50d160615,1
da02f38c546a43529a35a86683322fea,1
5fd2962e71fe45358d025aa77a69e1cd,1
40d852883fa2469987f8e4319cc3529c,1
39ec8a49c6c74f5aa7a3c675c4a9a5dc,1
4f50d69e3bd345e0805e031fb3a2046d,1
73dddb96a2dd4ae9ba76a9aa5bd73139,1
620c576cc832406bb1d07d7080b27db8,1
55d47cb284f8427a8e57a21c3d4673ac,1
1fe10976243c4eb995aeda3826124cef,1
ea028078507641afb84daee20249987d,1
0debe91b530447b48c81600c557b61c0,1
0ae3664c028a495d92fc9e72e997c8cb,1
6e2df89d3be248e58680354961f56687,1
dd7124b0994146079090bc00b74db5e6,1
dfd10ff05e5e4d9ebf97c4817bbdb49e,1
e12cdb77b567416aa70166af699e98a3,1
40bd95ba2a254c4ba0a1df1ddd7ae081,1
37ef83bc3b2147369ba99b11ffec91a0,1
f03f0e0cb10d418d88e6102a7a842c64,1
7984739955c2433296cacf65556d5078,1
7ad3d663c2b04806b9e11041e0848666,1
d457c68b3682420b83182f6cfcd819ac,1
424fcd031655428289d89b63b8918734,1
ad5150e2d7a34c129a44d4897c437d97,1
83f0d985f8184324a5432a03a5cc2e83,1
987a296575254d86b29bbc7aaf1355c7,1
834b176339e04e2bab8ccd8fabfcb1e6,1
5d7f934c8e2d449697037fd0853dfba8,1
4577f76fb99346c7af24d144f972aaa3,1
6c1fc3dbac7b4fd088be25ffc6efabc1,1
5b27d1ca3d6a4e9db91321770f283b53,1
8b6d1d20651f4abdb5dc0bc8fb71ba09,1
6cbc3fd9c15e46a6a613b31202372321,1
1512aa639d7a490e88be0eefaf0d5c84,1
71429083cdb34116815f719a0b8fcc10,1
ff700d94b568465fba9833bcc939d837,1
429353cbe67744af834b8309a27bad47,1
bb26164eb3584eea80eef31d1ec6c523,1
784367944f6e4a4d96865af722cad346,1
75b81b9a013043db89d872f217216478,1
4c9244ed53944ba88298be2f75d44a36,1
c0ab62ca92744277afa0ab8bf2688adc,1
2ae00f4d39f546bfa694eaf3786f42c5,1
f5dda2211d2340249ab6ef8829895eb0,1
e3d976ab8e1640af9f761547db988202,1
8f28926abd7744389575058f0a54f210,1
a3814c896b134cdf831a7419460f86b4,1
f5727968b61142ab991e184788e676cc,1
4e3cdc4bfd0f45c8ad9037e49d024732,1
f22bf2c1e58f4656a99aa96584844782,1
4b6360c157904ad3b5102c2e6341c2cc,1
544b223dde544c688c440a4b3b8f7e08,1
000f621b007d429babe210f5c90c5bde,1
7074292ecb7e43e988fa2b6c6aeec460,1
634c24ba79d7420aaf92333685fead04,1
d273048f68db42cb8c6f2bdc1994f1ae,1
b964830548ef488e893808aca43ed59d,1
3f080e18826a4402af1e0ebb23ef33d2,1
d559255b74b04c08a182d4299a4d2f78,1
b4ed50cffc344f02b576f98f6321acda,1
22eea9a2e6bf4f61bec3220ac0389dca,1
4d446808372046b3b04502ff799c1f45,1
d115e56f488a462cb2a9ebce470b3b13,1
00420c9a60a64fbfba2b3bd2308cccee,1
35f05cc8c06440fb95f9e90501760a4e,1
5043d5e5530e4ccdb519ec541900b394,1
69c9f7e313c64f1797288a0334ef3e26,1
2221a0fe3a6e4f1fa43d7df64ae1512e,1
70e800b37b3c4854a399f55c176fe51b,1
e0ce43a511fc4ebd9c11df6dc94869bb,1
73fd05267c0940d28b4f4608eaed70d6,1
8d1d16a3c60049749df0c6c5d4a0e51c,1
cb082ed33a1148f29e0e0c66bca266d6,1
6dfcd69b4d1940baa5f69229bc2004a4,1
33a030017da747dab7440478d65eb6a6,1
a1eadf5db2634596a22b58478e49fe36,1
81836a22e446460e942016865b34b46e,1
473e99351d684e749398fafb080d316c,1
361cf37b75494918a805195df7aabe83,1
6e55d593654d468bb917b843fa561bcb,1
bad7bf5bbe7143a99838d3aafea3f30a,1
fab3a7d8be6c4463ac2d8e641ca826ec,1
7cc5416b06304dd48d0384599c22902e,1
e453fb6d712642c1a58492727c005e6c,1
ed5ac5dd8f2d4d66ae0dd7b9ee2fcd15,1
2509aecefd36449393b81a6036033d2c,1
980090dae28142af9ea25903075e48e3,1
b57f5d8ac13d42348798d1566dec0b38,1
dea717aee2904182a80222b8bab93713,1
3128224d21034900b09c417945640b05,1
2b5af45c60dd4fc797b374d814ea3bec,1
32ce9b1aa8334fa4aa9fd451eb9c3452,1
496688e79fb9468fa51e7e6c4faae602,1
a43da5b42df04a7aa50c2202dd3d0f51,1
0a6077b936954b95a6303619046093b3,1
617b8a5de67542d8857c54d6728b8639,1
d2e03a9971914ba3b56f5c7868f807da,1
8ba96e22ca594294bd5a95c5883be082,1
816c9cac41ad4b158b0935b7a98b3ff0,1
7d8063b0054b43af8a78be5f1be388d9,1
adfb418788864b299d20022507b4594f,1
f152859a2d8b492eb0bb673f8150da31,1
20147c5469e944c79fb6baf3be45bb0a,1
7e179223fd85410dade253bd4c156ede,1
eb5e3f5928714395adbd9c49be4b1482,1
ebd25a3aed74483da4602e990b11448b,1
e71b8aa7ad964a7a8a0d33432b0ab5d8,1
093c9c2cc047443eb757b5ca9adb207f,1
8d3b8df6f54d46d28aa605da329b18c2,1
7029ade5a14042ec9fae4eb9d1db64d5,1
c1dc5bccfcb94c8da66bbbee6fe5cae0,1
73bca609642f440eb263429b5d3fdc3d,1
803caf64b18f4b53b569be5d9eefb7d4,1
34bf80f10eab4df0b89b082d26594743,1
1386f053375848389da24a4c0c9f30b7,1
7a0dd803e12e421ba8656f5d4155ad9b,1
c7e5b38ff5324a3d9e74f0d50441a44e,1
2f58c46b52334446830a79607ce8476f,1
b0ec38c5fd8c4466a4300ce8acf897a9,1
178bdc0f9cad4420bec3545139ebaf49,1
4682e344fc544a3b80a1c5877ba1e602,1
6aeb71b1a3d949c99e32ca438fb3c2ff,1
ea4726062f9c4a5db2fc89b9eee454fa,1
c2990a6ad3784082b95e6280732e471c,1
55fa93113b57498cb8ad68f41b86d96f,1
651330c7a9d94287920d8519d694eaeb,1
90fd3de120624790bc290e5a8d26d4fe,1
9124b0b56d5d4c8bb47fa0178aa45b37,1
d64a66314abe470d8ac813d473139ca4,1
5e8634372a4b45f8ae6e9d8e8aac7844,1
54c26153711249bf9510a3defc7ba8d9,1
d28e02d973b6497aa21bbccde1205dff,1
a48b760a691c43e39ed6aa6a7fb34144,1
9664936d092b4b1c95c384b4a3c133b9,1
8cf2dfe327d54545b87f441aad8487e7,1
2b338e6cd6884eb7a68b64cd894dccf1,1
2fc2b3d8174b4fbc8d1068f011c488b2,1
cc7e9ef2ee7549299b7d04a717d0feb8,1
e36eae5d86824f0b82e9ecd306fc5b67,1
456d3ab34f0149c5a488c836968ae6ea,1
eee27684722644929aaa9f84c48baf1e,1
f0f329aee69f4f2a9b0d39ed974a188d,1
7e55d948713545f9bff568af4993844d,1
ef8352fc1090475ea43ecf33620c5b1a,1
4e1e3996e3dc4924b1c09d8d9bb91bb2,1
b0c1e94f93ea4b0cb2947c613500fe68,1
3e62e71bc4b540c9995dde9212a5e9dc,1
de3d9c468fa24015acbc35b4d9d56046,1
74fe9ce71cf34770ace8f88e249c0bab,1
c29a9a2339094442a5b6aa7b32371e8c,1
5242c547a77a4bae89f7889454ed1a4f,1
69c865113873461a9b022a0e599a795f,1
e6b7960524f44795ac32128ff429f67c,1
fc0486cf33c74b57907c5fdbc27d2098,1
f85c299479134797b48daa36e5ff9aaf,1
49bc1d25234448daa683e7d0fd79f962,1
5e6d59d0c648413b9ea7c196e5d06404,1
19bc829f3aff4e08aef2c3f8d55593f8,1
087a90cdc3df4fd78228790d190f38c4,1
456c867abc7c43c996dbc13a4176b96e,1
83fbf5072c06470680a90eec6b09d31c,1
357d0919e8d94ba8bb645270ec97da10,1
c80c0d1cb3d04bca81a0f9d3cd4d6d43,1
ef36f3a0a5f847acb55091f54b367b85,1
e3765109ad1c4b228e8408a1cf7d72c5,1
60034d37db3b439e9230837a2f2cae6b,1
4e1686f03c1d47448c1f39db06848874,1
b867efe4de5642bdb29ae48e556de9d2,1
6d010865799a46b0a4c33ba1634499a7,1
7c2486330fcd43869d26a8507b4a26a4,1
1aaa4bf40681445fb4b732b14a79fa89,1
9295ec45abb74da3abeff32da54eb87d,1
74380cb734d043c8a9e063ddf50e9de8,1
bfb7f31507d3424da5736145c1679e49,1
d76ef8b6f83f4385a2a67a9f6d3409d2,1
6f07cb69baf049e192a3984b84b85b1e,1
13f85751e2764f9c82f2811c4b5e76b4,1
2bc5c278f0a2460797f2756fdafb05f0,1
023abaa8ed2c4f4fba8142e6d092be76,1
58006441e42f409c824d114f4e726dd7,1
1c059e52fdab4bbfbdcf3cbd9ef94669,1
31797d6adf2c40b88d216678e86dd258,1
10c4ac7471af493592867146c1e90056,1
b4b360122c444254b44dcefba3ce7a8d,1
65c4d0860bb84b229a812ee03ff74ecd,1
8a38283b96d04328886a5ee584673c99,1
f8eba51317594c93841406b39229a629,1
821300413ec34e1f917a77178f9e3613,1
b221e86c6fbd4df99437e48f7d4133b6,1
1813e4abb681478cb61818e07308d873,1
a0524089b77a408e945724ecfb60c7ec,1
6a5b0b30d7b3488a8cbd79a803b5c7e1,1
4aef75996bd140b38a9a8218e9f34f0b,1
25c29b70a698488ca5b90a73e3cc7b65,1
b4d643d17935450eb54ca0ff1ab18e4e,1
4b012b7b92e142b7ba6c9b3be2d30de0,1
a7efa07fc86946b09684f0e248fea613,1
83a1b61936c2410d98f5dc0d9626394c,1
0a70a7aa2c654ef6abbe254ddb5514ef,1
59e5f59556f54a8ca88f7c993350387a,1
440a9e10e39d4302a198a96f2d120fb0,1
96ee4dbab38d4c9a871f99fdade60369,1
1e9eeb327c57401793725f6bcbbc0872,1
dc491df3c6aa419cbc7be20d7c43d629,1
b163adf403f74297abe4f849572709b6,1
d181e018eed74a77ac3ce8e180ebe93e,1
f4e173879cb34728aa844827a41e329a,1
58fea4c117f04b30a56d8845543833b5,1
528e7a8125054fa69c87c9fe91ecd3dd,1
cd681a2ba9e24365861fc4d6ff6696de,1
9314b685363a462aad3fc12ab1c1d473,1
ccf934e50e604c4d9471fae8863bab74,1
fed1af48ee8f4e5db4f9df9f7ac4cbf6,1
e119f0779b544690bafee474fd22e0a7,1
de524732dc0d4aeda7882a12858b4025,1
b1e9bc04fad249568b5048bab321ba9a,1
eade00b2728141adb1675e0c05509ac0,1
fc5781842f8c41bfa5cfecfab4f5e6a4,1
f0d263313f794fc0a605cb2b906aafb3,0
80506ebf14b14a329185dd562ead7cdf,0
3e7966ac0bb84e8e9ee256b1bf61db03,0
58176bbb162e442081e20417999bb82f,0
fbc1d86c546843d4ac860ac7053883b0,0
94250a7d4b694368939177af52dd4d50,0
5090539e606b4f708c0411c748e08e30,0
c0d1a0a5fc4e4f11968ad7a987b36271,0
b8be64b2da804358985478f466ef8104,0
dc69cfd224894d4d8450dc62c0aa25da,0
7dbb3d23cb854b09ba48fc9082303354,0
40e212030bbc4d789fda0f6901366ad3,0
c1d6bbad6f54464892663a8e87caa169,0
b31144cb864749cdb63b300819d86e54,0
273f8ac9bc51445dbd885106fb0fb590,0
79208de918bd401da11cd1f41b7ef4a6,0
2c1fb68a845a4daa96aec57c40ce1862,0
82a44ecd64cf4729a103b52453e91e8c,0
24ab518ef5034dddbd51e067dd8e3ab6,0
d7b725841f734d8a8e808b72534b2eb4,0
4e637b75fcb14ac9b3c03356511c50e9,0
e79f9d51b0dc451b97ed8685e45893ce,0
29a4a27e28a14bdd96313aaed9bcedd7,0
533efe48ed2a437bbc41445f08afcebe,0
c145b1ba814742728ed29cf408217f64,0
1eda1d1d07064a5c875aa8a868738850,0
0d98b9a5e47d428eac5d4504bb3f23b9,0
6944af093717462eb8ccfcb0718ce8ec,0
af09be0c8df24cf18d7d5ddaa29a5349,0
97628b2d331c4c3b94151c7394ce7258,0
fb8d71b0538447b98560b04fa2e93e04,0
e6cdef97751247fa9a3d55d210cb9f30,0
f4fe4a37bb394168a356d7df9082d7bb,0
74efb6ff0b384bce89c9ebb33d48e864,0
affa933292724ac7a14418eab2da39b9,0
5565e0f566f14ad4b005e2bc742eba10,0
4c4f46984d9548f99281e4f5e39151a5,0
1e33e4c1687b481a866a92ad82dca4db,0
43128df5aaf740e1955bc197f4f9455a,0
110b1572d8324c589bfd22a358e1124b,0
14cfbdb3a2af41378c67d2b94712e6a7,0
b60ae5c2ab944488966ece143d08ac48,0
d10392de3df44e9e9e2d6bc193abbf74,0
8d90c57c183647ed829370a7535b1536,0
de34e4dd7ef844f4a4c4639117f44d29,0
a83738590bd448e08a74b3448eacd0af,0
52583bea34fb47a9bc666eebf41a10ae,0
c95ab2f4b0f245f4be0a08ce5b9365a9,0
8fea3b9f5c2c49e7a4820b5e8d295758,0
66e724aa44eb4e85ab1642b9209bb921,0
fef5816947664d24b20b390ba1ec31b9,0
61466200b9024fa0ad02b916ab5bc4c0,0
7cabbce287e34cc1a2a6cd2d04fbb581,0
34b5335fa01a47e196680b0302e5899f,0
c808817edca44230ba1b389b38102a71,0
d9b0f16641cd4188824eb9215aeeda9f,0
da90e35d81f44730a99829d4d0197388,0
72b546082ebb4a6d9bf9bf0b4c9f216b,0
d3d68aaf068d4d79b0f2645771e5cf72,0
eace2163a0eb40398eed5b013232755f,0
3e6cee154a4844cebec6f52dc9267b6f,0
a81e29e983504cb6a22d9bd78e222ea9,0
55a86eb89a8f47cfaaa38f825cdace64,0
32819829b2044a18bf4ee5555a72acb6,0
2d42940cee96400ba3f5744be7226c7f,0
8214444f150e4093ab2d863eb9ad1c20,0
02088a2d0cdb4acebe0de89dac550bac,0
ffc867675798446fa717066cf35b0981,0
6aa81a12f9944852a7c6ac923864151e,0
963661d150674495bbf9f656da34244b,0
a9d8f1e3c25843b29b04c36900209ca0,0
8103dd4d6a894df59edbcdf0e881458a,0
2b0f5187d0af42d9a9c4669ae9260fae,0
99237505a94e400c8812f098e4c8ae19,0
30626865bafd4b3a9afa042167d39155,0
a939dec48aa14760bb0cb5823d9dc88d,0
8fbe22f42f944ff6aabff9e77b7b9fd7,0
ab4c4310dab64e58927d602930ee31a7,0
3d0f1661084e45c597715e476d2785ca,0
ecc019f9e6d6472aa34ecd50094b229b,0
7c07ed63459d421095972af9bb44cb25,0
eb0c96ecbdc5473184824d459f2aad68,0
e12e71faaed64e7a9950d7667674eabc,0
7074592b42614579a08062002d85834e,0
fff9684245754c5ea1b3059b08d6f5b1,0
408efc4734b94509bec2d601b2b043cf,0
0fc1fe6c240a429a8719799223d0e670,0
619988b50e5943a8bb773bc5345d51b6,0
e044d40d7a03482896ed604f50fb8fb2,0
6485848b783949dea8ad9ac4bf9a5c9d,0
fc52825059874c92ab92c33c28bb9b57,0
a34dda8ec9b84b4f8f2f7ce91a2ae268,0
590157b76770458e889b655ccbfbb205,0
dde7721cb7db4ad7be26b137d77027e7,0
f0094bbde1c94d5b98ad79fe56bfab71,0
1a85a93ee3994834aa37491efc53b6ed,0
d1140b5431c1467b982b4bf16a6961ee,0
4876285886e342c8b6b9b3c29dadaa23,0
f430bded601a42db9c93d3d0f0db01b4,0
9bd37f982f014017824153498d52d275,0
2631b24abbad46aabf7d554627005936,0
c3d37b47314247ff90a34e4faf41872f,0
13467100f28d4e41a5c8d35e8f0b50ee,0
7f7194abdfeb4bcb9a46b8994a809def,0
e085e104511c44b5933b79e9976e5190,0
6ca74656683b42f4a8ee9577ea23805d,0
128c9f88b73142978db312e547e2e8df,0
18f682fe5b844017ab2ef9015022ae03,0
57b98d3e78b34225bd8f8975f55f3088,0
ed0822b308ac43c8a575acbbcb523c07,0
ac07356692524ab6b20aff1e74b20306,0
358fd5380b5145c490ebca055891462e,0
0b38e6a252584926acaba35df4426fd2,0
bcbbba5e0bd24205bcd35b5c3833a991,0
7693a1c3ac154e9c94395152285b1b22,0
24c8eaa28f084a45b5fc71a6c83a4137,0
c1f0b080972c4c43b9e56da8ab945bf1,0
0f462e5250aa4d65b8a6bc45b1499284,0
4895bf8c230341a0a7c0eb71f65223b0,0
ca7f4dd010f1446d971ea0f32d3cca8e,0
dbdce73882fc447ab1e78ef9307c5555,0
ad041b180e994e3794f386db62640976,0
bb3ed52199594e02ab633d62db06d628,0
8eade7ad15fe4b6dad66321c02558c24,0
088c5e1095364eba81398ef070877ef7,0
27bfc92ccec7425d94d3281738182ac5,0
9302a27d4569409caff6377bfad2f106,0
49ad95017fb1472d8064a1d83b5afd41,0
2757f754c7f041c79b223d57c7b5b6dc,0
e904e02e3d3743e7bac8444c02987d4e,0
a7b273733e03438d8bddc283a66a2e35,0
3626c4da28ee4c5b9f4586fa9ef7091a,0
52d28762949a40a18d206a530fcf35d1,0
fb56b3ab1d304bc6982a861bb2690345,0
15ddec07a1164b2a88390473a7ddccb0,0
b2da2b8498c0494a9d40395948da7203,0
5c39a9fc8f1d49b5a7196a353253f534,0
33d0ef6b05f94328aec3759654d15e7f,0
4c959fee376e450481d5a132b9a7fbc9,0
462ea34cd6b340b0941847c3767ae802,0
2e76ea9bcde04b12bb0c3bced6a66c4f,0
3d35cc0331d242c89a2f2e2265c6892c,0
7f501c9b019c456e8961ead687b39607,0
5f826aa8ef934cee937f313a31fa4a75,0
b222ae0ad63a4cde96eb0c49171feca4,0
1175fa85f79c4dd1acb5c215324963c2,0
bceb8044252b4af58ff5e8d24c33c507,0
13c797314d274c64a9797f16931ad305,0
82aa3b16f4394675bfb725abc48a3d1e,0
1f2a8776cc82457dbd37facdf3695d78,0
e62ce7bd9f744762bbc26ab24ac6df22,0
0b1cf3aa96f8480485e708c539d27b9f,0
8842e10c772a4ba68a6cde884591967b,0
6981b1dc146f4be28c1e914ca430616b,0
fb93a5b920bb4706983fcf19aa085003,0
ba426bc4d9934a3a92b28b4a5e445d0e,0
8ab0d0ea0145497ba0f32cb9c0c19892,0
7504cc1fa0794f2e98a81f1e85ddfe02,0
09df943d107d4ea39bae1b0f86dda11f,0
9496177a4f5d40d1901b4792d45ea18e,0
c803604315f74e7f840d6db093b4b8ed,0
e8852957bcf1423c8e615364c86c3fae,0
f100c156d994451db2432eb55579a118,0
3b9173277b96411990eeb942f75aa1a4,0
ea1084cec1f14f499da31d6be52536b4,0
9564bdb7ff8548a894eaf226355c61e5,0
43a8b30a22d0459f9542f4eb341f2d3c,0
b0389fef76854937aa59165eb3ff518e,0
ede1ecc386394acab8ce5eb3765f844d,0
1e5a58824f344e58ac2ade8cd0e34cf0,0
dbb3ab243d8e427b9da61baf359b07b9,0
72523d02d61a40b294627e65f1eebc14,0
e319c3d8eb3a4481aae9c668990f94b1,0
acd3088889574fb29be859a83d48b5e0,0
a89c723f77f34caf8d6c3d8762578212,0
76b63640088143e08bd288e8e1768a2b,0
7298c2a5908746d9bcc38c7cd65db556,0
907a9787ef3846e0872746d12a6a0f9c,0
34ba954f30074b41bc7c8f9c438d8470,0
a1b416ddc0bd4008ad28daae970611c7,0
7a9a171aa3134aaf8f751cf9b2752c6c,0
fedd102efd6a4649b6eb52cdea716b35,0
a94b7f626cc545bcb4969620ea0d48d2,0
30d34ffe0a99465ea622c91c73ec9019,0
20a9e351ac934e3eaa748267757863ed,0
bce1d355d4914d8e99ae28fe8d521f1c,0
c60fb117c41f4f75a694d89027217576,0
dc2053691a254dcba76eb5093cb7112a,0
8468e48b02714b27bb5e6b82ccdedcf8,0
cf590962a3b049b397fe4a3cacbbcb3f,0
e542b095d924474398121dbe37c2aa14,0
9f519c12531b4f4ca6faa73d6ea9e7ad,0
ec1af9d72cb7440c8b4129366a94e27f,0
9c37de8b64d64b99840a8a07f82e7fd3,0
8c9782b566fa4f33abbcfdbc3f6c2ecc,0
833e7ee837d74c2da202d9b14b6df7ad,0
502a9e352db7472089d2cf2b742c9205,0
b11df1fe85a943e18a8053ec0347d308,0
bc69d122a67a48379931a2c8273bbde2,0
c8c571d9b71d46e8a1502b397358db7d,0
ae0f87a8a74749259f73adb466f74bdc,0
b3e5965e6396449c802ea993859e0b10,0
42b6017b0d75427fab3374e32d354f0c,0
84e24fe4c89c41fa962b4c00e8945c75,0
da3332c26f8b43ffa49929f2607d161e,0
49f5d45e81634924a55eda434fa30217,0
95e295e02f6e429db794aa16b0506a24,0
69627bade47d4f618b12cb5bc3723ddb,0
6f32727887804c5ca0e5b0aedecf3c46,0
e722c24fe3fc4d198d272411647d4935,0
a4fa5016c58e413284275ed2d1373bbc,0
800008e1eacc429cb272363f20d0226d,0
5082804cbc1b46c991fd9724dfe298a4,0
7bb71e7e955042c798e27fb9b8b3c44b,0
3d50771bdafc4d8b8fce83867e99bd9c,0
684a8f72fe4c4dc2a6e5a78addc0151a,0
84ac701467054f43ad58c59ffb0e873a,0
0f26d4313009485abf3023bc3f06a524,0
3f8b7bc30d4b43f2ac43d33a2f7e398a,0
1639d16dde714adabaf0b5f258d230ab,0
abb6a8ce973a4d4f98c618c89c0b138c,0
d0c2aa55ec9c41d5bed4ed641075df22,0
5dceb90327dd4e25ba33217a55e98bbf,0
7e18ed59fa1d4c6f8dc4450d3b8be078,0
074e51f95ffa4efaa573708bcb379631,0
5c29aa950b224bfcbb0c8951e697939c,0
a235c9c47b744c9089d15e9648f197e8,0
8e138823b1964ff3bdcd16ae386448cc,0
2d6713cd47644f90bbe51daff0f1e93d,0
a9b2d9d785f74ca5949cc8df631166dd,0
4b5070f903e2428ba568034c5fb81901,0
014d3b2ff3b440c49a5fe3bdf7618a28,0
c83a8e31b2b44c1a962914d3006ad281,0
f7709ee3c99e45ec9e9ddec769ce4f6f,0
12170a0d4b304b7480a540e5dc76077e,0
57eb8be3f39b45e297faac8d61f27d3e,0
53da9adc57e74f7d8149868fa003fb82,0
6b44d37b58fa4b5fb544e3d63c7269f9,0
0a0173480e284717a1b9d2e67930d672,0
31c3c4c2f7c048269c422c4beaf851e3,0
c9bc01010f6748ec9527c4c36c3ca8bb,0
8e9881125f3946deaba487513f04ef71,0
61b4681cd76c42ad976cef6798615732,0
9157eb7c6acc41abbb8c1e9c8ab0babd,0
c51bdc230baa497bb0d63bd2bb341ed9,0
5ab6ed93c69c475c87d44745f90002d8,0
3a5979b33e164253848d97253788b046,0
e72126cbb36b4c8096b57341179953aa,0
1a077c96b8a74c2c8a425471f7b17b37,0
75053035570c4809afe9300316725da8,0
7125b8a14dc1416f958ed8046e5320d9,0
7855ad15bf544fcebcb47c44895c3c93,0
7ed886b817cd4609ad4597645d7b94b0,0
88594bed4a5f4054a6680dd96dec1336,0
2cd7db4388624e01a33c7557e6c7323d,0
c4e85afe64d3452593b73de328e836ff,0
79b35d35a9224db19d97f942374e8f18,0
4d681af17ceb4913b0c0b2f3a7233661,0
e50ee5e43a414c4692e9bc73d90ffedd,0
f701e78656ab44ab875a115c268fcb99,0
3bb8342fb3d84975a28a1cdb81145251,0
4b49510124684365ad96aaa358f2ff63,0
313cfaca0854408790ae3477da635f82,0
58e811ed957246f68a11fc8f6c9c72b1,0
24bfac0e63484edf9c6d06e3509a851c,0
cc5711f47b97417a96a814da9e063c29,0
d6d87256034a434abef7af29bbf49131,0
6ff0f82676444e7e84923113c5285d9c,0
f72bc24725414e7b9c00a8edc6250203,0
3c49fc75af714f52af07f5984baadbbe,0
ad7aff3230664ddc9c6601cd6726c0dc,0
ac302ad2c9cf42dd9571dc0279800327,0
dbac178a15f749b6a7edf1342b779163,0
4b6cf10b060b4b1ca400cebf984febc1,0
6e7bb103812544deba00a275feef9442,0
c38c85d2fb944121be8c9be87d5fad70,0
c006be36011140f6b6399ed5d880da08,0
a151392e6846466abb44dcfae0a1a1a2,0
34c233c00fda446eaecaf615da464da9,0
492eb5f5827746fbb97a27285cba644c,0
043f771eb3b24cc6be064e9b166b92ed,0
86673cd5cea24846a24267b16fa8aa8a,0
77730a4cb0384d86ab284f844ec4cd61,0
5db54150d8f44471b667b7ee31c3b803,0
cabe8385cf35417f82e1e565219b7ea7,0
2cc5a87398554fceaa8479d6ee47bbed,0
003ba80166334e988d49abb6e9c24099,0
401a55131dba44ae939c133a34a27c78,0
7fcc191c1cb348728f8239b3663140e3,0
9713e8462e6148af9b1452b6b47a7dad,0
0d04ae8d97f44f378288ab6efef840dc,0
3cf413cb694f4695878cc0a44671cc6f,0
6a24e036fb7c4a178e5163e3bc0c44c3,0
a4d8c6426c8940358e96172fe8c2e983,0
35c6a09031eb42bdbb636bea02469042,0
01ebfc85b00d459c9d06e23a326f7dc1,0
7bc1011bf06e4d488484d3ebebe11047,0
a1d14d67f8634145a5211aa210ac47de,0
4c6e68f250714d78b0c3a8d020439dda,0
e636c13dc6504c5995d67b577a6ebfc2,0
0be94feb26ab48648f58466c5fdd1254,0
b946614bdbe64557a94cf306906f47f9,0
2e5b7f7aa76347deb7e938895c31d138,0
00d270f7a0264e3a886d71094cce49cc,0
39b6cc75f94b49d2ad7f10a18373e82d,0
a2b285ab9acd4deea0ffa3e5dbb418ac,0
acca1884fac544f782e8e1ff73246ffa,0
3e0d24d8213c43439abe0525bac73fba,0
ba8e89ccc00341ec97be9b5aaf303c23,0
bf7ef37d9f594c6ca8370abf1aa18643,0
538e52aeef344922a5f72416ef3fe993,0
0b1f6a701a9d4eee8cab1d9b16b59974,0
e959110bcd894a30b2beed73551c9308,0
775e40f818b94594a1914715c7a4b0dc,0
8ed28bd7f6954c7f851fb2598d075211,0
e8be4d90262a45e091da48aec5de3cea,0
8265dd5de63946a6b7a6183516028fe1,0
cd512a0bf7ee45f591766bbeba296389,0
c6990e8572b641c0838bdfd678617c12,0
67366da8a28d4384abb753bd2b09c973,0
42914bcd8426416e998a7d46b327de84,0
7248e96fdb084ab48b4cb20bc45554c3,0
f795bdefd8374e90b4655ef4916d71eb,0
b8fcdaca4227482fbcb491257a8cb0aa,0
0673734a6dda4745bf3ec4941ee23ccd,0
a191ea8da75d451eaee1654b10a70aa5,0
e514a2c60fc64d1d9102999034674d1b,0
f9b3a97759ad474198472092de8472ca,0
d2b1e16bcf7c42359360d2f8550c32bc,0
2f495d2050134d0496d8d307b077cadd,0
97a6fdc0d6d04dff89d82adb633134ca,0
13cc0e3b5cef4a2ea0fbceddf868a098,0
3b8ca726ca0743258d0316908775c7f9,0
974f60f240b045f18e5151be65498b46,0
80acf09927564accb847015f7faba671,0
9cc4d37e760845e286b55ca183ea709f,0
4c1ed77bbb754c01b8c99f0315712395,0
2af34659c85b4ab9a0f635a61536725e,0
c21d493459974f8a8699890b25965d12,0
50fcf36e7c884394937a72c8465aaa43,0
0e9608f3313c488d9b116681955c2f62,0
0ea73a63032340d1b9d6a5c6967a5489,0
e8a653d5efd244518ca24d2fce4a2a6c,0
1062e7391bdd41ca8cbc6fc1d7408714,0
026cdab2c9c6432097e1786de0289811,0
eee023d0d2874efca978731440837f20,0
6cc5829c4c5845e9a18e90706620a128,0
4b5ccefb89844f8aa292775813a77cbc,0
fcae6c5d3d76405a8622630894555aa4,0
37d583a380ba40a9bd50ddb3075eecfa,0
4da906c939c143219f8b889c3b24c989,0
1fde3b7031d04f7687fe3bd8dd666355,0
65d71d0f87944470a41ad4ef3b6d2575,0
e87b28f4803c4f289f3bb04949626e00,0
22b4f20f84094d51876c66e971145fc3,0
d846db5454284eb490b5f1c78edf436b,0
16bc036601fd48d3b607743d5b22b6fc,0
178e75a227c54d069f03609083cd7247,0
5ff7bdbd9c10464fab67074082f6b9d4,0
f9c62494334540ce9b3322eb547adc09,0
36993f4176ce4a6090a84ef476db2a9e,0
8a86430d98f945429bfd63e9667d7a70,0
5699753a9c9f4731b4804d93ea136bbc,0
36db4e53233e4ea9bef3a9a2ec7a5a89,0
befceb460d1041fe9be12dc8a1b4d8f7,0
9d5d302414004909acf1aa5193bfbcd2,0
aa2d55f7fdc34be7adf363096409fb91,0
9b334377f20e4fc78c9358ff8d5e0ca1,0
d92e94bbb4d045aebdc6bcfe08012d53,0
59c7e75b4c184036850b8ef49037d77f,0
45db83f618c1490f8f06f68fa289c855,0
ac938c7643b24bb1bb203a60a1433e98,0
0e25000f18ff461bb3eec1012f084bfa,0
7e4e6bfbcde4406ea182b8222e7a794a,0
aba612a76ad344229238d15741e81b9e,0
c459502824cc4ea3ba0139d5738a6009,0
da83524a9a534932be4be563b9c23118,0
30173a6174474dae97e66f6481fcd280,0
fb10eae2227e4a2ba456d5bb11bbd432,0
d239b303a070482d89748b9bbf3d3cfe,0
0e08bca9b8f64faf9d9ab552381ee764,0
694684d4c6c846c3a6cece1c782ce2d5,0
cff018bfe48b45dfa1dec7a44d28263c,0
45ee3875753b4f059e30b0c92ae85285,0
a7a8c9cb176f4f1eb878d0aa4fc17fb4,0
c432ffeb1edb458e996631ef223c5eb9,0
c4eee70ae033454aa274d833cc959ee8,0
29634c280b1940ebb1d39558514d878e,0
f67ffa18403748b09df7aeeb9d52d1a8,0
d9c721a88157476ebe89b6b703b0b3c9,0
84dabb17a9ad4bd093e061bea4a1013f,0
62d63c954e014b5daf687a84b31d18df,0
0df8860b048847659101e52cfd0ecab5,0
54351b44354744fb85f3e34596f9a754,0
08e2aad06f7244a0a5b32f587003fbce,0
b2b89d2f057a4dfcb94ae169a088af68,0
eb33ddd5e53642b38070c15a93ddc138,0
030aae6a536e473289181453953846d7,0
b15cee93235b43fa93782ab36f2ae573,0
438e2b053f2e4342a22e54c7e48e7e85,0
8cc0236d127e4071bc20f08f511b816a,0
3e589fac204b43eda2a12137b91548fc,0
22a07b8ce2b64d15901700d34a4a5740,0
e2049aee469544c5a480a9722495abd5,0
b32d811620804e468ec4a73dff5968e1,0
dabb210763a943b68ceb3e39c7cc5021,0
822daca848284257b24aaf1e5802ee41,0
0324a73f0ee3416198500f424c670000,0
619dac1037904c21be5851b4e514bd2f,0
7515bbc8d2444e078fd9631e2a4ffc2b,0
fada648517074815ae5eb2d23771ccee,0
a82c9e8f0ef44d6caf0b964c53c08736,0
17965c68192b4552a15dce3a9e39289e,0
11c05e53e2144b68b6184f0734ba178d,0
2ea0a03f7d0a42e387c625830e719123,0
14d59d9c6ebc4bf38999526b91432afd,0
437987b7cafe4007887ce2a18a6d214c,0
6d32ec10e69e469183747b73bcc38195,0
49d0e537da77469a98006210a2ec30b8,0
a47d252e576243faa4b8c9699eb1945e,0
03ee955525944927a1b9b28f85119cb6,0
e5cd78e2aa0046308351e07ce96e709f,0
a13fb480766f448bae62ce7c0f69538a,0
7de799c2df3f495fb6e9405bf3e5ecc4,0
32c6988ea094420ab0ed2cc85b05e476,0
85cd832dfcfd484a8fc90921a078ebc1,0
d8898bc3ffa7455ab7cc7577080e65cc,0
ac183bf80f8148a78b02eccb8287258b,0
a88a2617a47348439ec8ecf2b48e7c53,0
4a94794b079444288206c877b4de499b,0
4cfe91b28f4b417298cac28282339a61,0
e36e21e5915147bab2f25c31b66b4e86,0
e173de90e4b84f84ad33578d0d22a570,0
197986a4366b4c59a80d03867d35b32a,0
b9e66012c1f44a38967a540679457abc,0
bf833df7e173403e9142b911b93cb3fb,0
ed1326b351934ceea1daa5c14d270a15,0
79c8a4a32b144544a445333bfe2bb69d,0
ba53363c84344ca5a9f0b8fde2159cbb,0
d5c358d54f334c8ab650715bac722d56,0
360955fe12c34c0fb3abaa7f6e9150e1,0
efeff4971e1d47f7bb2ba9b02e8cfe65,0
23dcb0c132ad4b80817ebf17a5bde42e,0
8e2ea02c9ecb47a4b458f634b7e4f891,0
9fa6bd5d6f5a4be0b295d6851a85e1df,0
26935acdd0124f6c9be54df76e77dc86,0
2aebef7862404fe4a2b1ae8b9e2c43b3,0
e513eac06f9a49eb91e2435296cd77e4,0
ffb770a682284f51810cf6967cd26f59,0
3ad3d4d0039d420cb8a4406503036b86,0
9389586ab1e245359b080d01593e1afb,0
b800d8c790364a8d8d0e2a1813a95303,0
f8e4b78c33ee4fd7972f73baeadbf2d9,0
05a6b3814f3b4fcdb2cda766578927c8,0
3adb681f4ae74614a2c31055e2581adf,0
89c16c8eca43483a88527c2a26e6aa66,0
8fbf5b73c88a49cca4e0054714bf2705,0
897b95c1001d440ab69fb9faf1decb40,0
079a5a2e58a34ffdb4e5e943b0bc03ec,0
5b46d64687214775a53aa233bc85eed8,0
c99fc89226034040bec0150736248030,0
9616f9c94dc6446a931d1b206bdf4977,0
536a26a95c924afba9db0ee5e1001e5c,0
0758341f667e414199ab2cd89dc126f6,0
b47df00af31b4326a71668e97aa4df5c,0
18346afcc6e440eeab66bd01d14d5862,0
c2d00af9de8949ed999d3ef574ee21f6,0
b609d614d4994a85a426a515f8b05176,0
59f4ce6dcaf04ccbb60af6dd1af3a936,0
f5402db37f9244fa9928438c6ba724a6,0
725496451dc7467991fccaf57cc9f4c2,0
1630319214da4193acbe6148cfa71c2a,0
a5b23501402e4034b4d7dae2bc472a00,0
7397bc7a2a9f4fa390bb29b5d295ef4d,0
822d839e64d442e0bdfa9574d886a430,0
7611d003ab2a4f7fad8693642c4d8409,0
4abef8232aa84d4f967935642a625d52,0
37464cfc7c234e8a96efcb128509a54c,0
2c7052ef216f4588822bf67e07e16a2e,0
4368ef0649f8491982f2209f6cdcd912,0
c2dc5a25b8b548d9a9b48e05a7051493,0
1002f3c2b2264a1da77c6662ef045e9f,0
153f44fec5924a2ca6c81a7061490099,0
13536e985588431e92cfa75dd7e77d80,0
55c7176fe322493d8ef481a65862314e,0
cf81acfb5f754cf7abe500f646f8ccfb,0
238880525ca24acd8b2d374ee29fb0ed,0
21432747aa8f49339a3e27f3cf72a2e8,0
fd1c72dc840e4346a6fd4db640cee9ae,0
339b96847cda47eebbccc35d3eeb4c23,0
df50cc12b1d341b7970a24b74b403103,0
67a2b68143734b0e972e46edfaf2e18e,0
5a6949adbb684286b15bf356c3aea3d6,0
ef1b6d7b13f842bb8994a0bcefd0a1f3,0
3e84e0394dfd42a98316c8b47fc1f9e8,0
e728b17a1c734f3c96bc0be9ad50f317,0
1cf4c3c69c0f4460ac0fcc6b46010daa,0
9ed275f455f743fdb75f948f033f6968,0
f85f77640d58442ca856ab1330bc5a7f,0
f5bdb117c3a045878c341cdc79ac85b5,0
f9ff37d5070342a9984e59ffe5919653,0
b65d8bc826aa44da80e90888abaedc5a,0
697bd2a91bc146baabe750f85d5769fb,0
03e3ca90263e49d5a461a38694a4f2bc,0
dd5362425da74cf08d3daa86582e8ae9,0
a96dded7cef6460aaa576c4810bfad0c,0
46e453b6e88a4d8c8514644d083a114e,0
41e50f15ed344e0ca93444ce11ae1bf3,0
6f6b98d8f73d4bbe8b52e03da09ab840,0
db7fd9abf7c74967ac3142457e75d1be,0
e9ab7112b50047a8b5d5b4d7403717f2,0
36b07deb57c34f68b876718ea5e659e7,0
78bdbe6974d143c2bf95624836d46553,0
0470d8bbb9bc4a27a0d4c337e463fead,0
1b0a0cbaf06d4640a942a1748ea56b76,0
beecc7d3fea5429cb56a09390d7d457b,0
86f2156499d2416187ebb991069fad4e,0
744c1aa693a0431895ccff8d5382d851,0
bdc537c8a3414959b56956b92102f1b9,0
6e8e50f1cfd54bfba9e96033f6df04bf,0
ad58790f10954a308e0897aab70727e4,0
bfd3e6e37a8446e38f83b0b180c63123,0
29d915242a3a4df5be77f71481403d93,0
0b90bbc9305d4ccaa69f76859e1dae97,0
e7470a84a7874895b1290587bc95fbfc,0
9cc24ca730954107b9a20015c6c9c9cb,0
c444c0d0c7b84aa58d1b36ad4d80e643,0
00a4958deffa4370a36224c29dcb4c55,0
00c622e0ef17413bafe7c71e5cd3dd5a,0
d0f53d3c751642b09a6f42f5fc8f6b40,0
9e484cf300b24e9a9da37290c6c099c1,0
99666442050342768c4c2840f1018323,0
b6d29d90a5e84977967994158c241f50,0
89b39a272cff4a0cbe5e7ee79c8ec99a,0
c153dc8550ea409ab7f63c000fff73f7,0
cbf07bfdf627415cb7d802dd7b0cfcab,0
2776f49376354aed96a5a5583acc80f9,0
b46ae811837145d5ac839b0ca8673e6c,0
5557ac265d27451ab916e9944de25f4e,0
73db1f12966b4a08ac5929944775426d,0
7f8afce8c21f4b509e4542d89c3ba553,0
22653c47ddfe4ce9bce0f963d2b5e22a,0
e04e5eff418141aa9f8e8b0e503480ce,0
f26b98e97c3c477f90fa3bf9d7ebd69d,0
18c9df3962354bdf84cea9c465cdfd32,0
ba2d2ff0d12a4fd2881c1c61eccdc130,0
f0a3dc0ffb18453d9ad235524b1bcef9,0
cbe09330ff214fe4a3148f82088042d2,0
5935ed5439d64b58ba0050f0e2a9ffb2,0
23daf593808741239f58bea854dee90a,0
497568c9ff7540a8bc00fc0448045975,0
2b1d2b9957244b57a4d2103678b1ed29,0
54c1874aa9d848248337d08507635be2,0
26cf1fa70bc14aa59a0611436d8e0290,0
db0e98cd603a40faa44eab9a73e5e388,0
4dfab2bf966147038971310be9a25b56,0
70fad32b7ad748908d19ca04b025bd71,0
c3f7f331b24240409a7a2c978ba7dac0,0
9482f32b770845f09fc1a6165e0c8480,0
33545657cb484cd18cdd2bee8759be53,0
40455756d51f41f788e2331cd23d7f89,0
e4dad0d8af254e61adf2d4fc877cfc2d,0
b8b5878a46394c1bb229a1a978c738b0,0
300cb5d5127640a8b083f045c810bb06,0
9f4d637187c94e9abc9206d96c699026,0
73afd2273d874a5c90db8cb8a48f52d0,0
ac182ad173f94c349cbc6a988c2ece7c,0
fbc614100c654a7893a897e476fc99c6,0
728d601c117d48dcb90cf009b1c0bdc3,0
8b4545ef47a04ffca0c1a92ad7a4f405,0
857029ec249242cc91dc0c3bc5dc19d3,0
24b70b85abb04d3596cf2d7fc9c65705,0
d3e3a1e4cea24749b739d27afa2d76b8,0
31aab61ab3c94955b84fa1d3de234b29,0
f3c7a379dd1544caae163fe2f8292c1f,0
a4419bb004c844d5993e33c819123fc0,0
f3ebec6480af4558863802dff5a6ec08,0
395508811b7e442688cdfe747c238f63,0
ed117d424d1843bc852572c3f471f769,0
f42490edaeca40dd8dcc55fb3a9011c4,0
0db2faf944014142b52509af0beb35c6,0
0a00cb2a2d3f42e28094cf70c5995652,0
1807c12d9a6f4e7c849719eda401ed05,0
58e45378be254a6598f0ba12d734f845,0
ccef8d60c15a4b51857c4dd3cb76503d,0
57cf7eb28ca5493a84f0ce66d04b5338,0
29bb8c8e1ac7474fa84cd7c10c3ca33a,0
68756fffeb044c299a352758802b9b4c,0
190444cf50f848fea3bf3ccfecd1d39c,0
aa713c46ae934ca7bb6223a209776f3c,0
e0bec729bbd5454ca1926e6fd498716b,0
6160db3e610b4986a90f4ed270d4a5ee,0
49469e00704740bea10967b96789fae8,0
83867deecf0f418eae75d05ea6c163dc,0
fdfa492096224c3780def11329c77d23,0
3dc912cace244714bab79ef63f86c244,0
7a3a8139e419473c9c9db871186b93c2,0
c8f7ae1f08aa48ad8141c4e6cbeeeadf,0
8866f61ade8f43cc91edaabc9f2d41e0,0
8bc663c383b74a92ae45ad433507fff7,0
63dcf5d76cc54646a5a114d21d1d5e0b,0
8c1d6c4c8b5c4207b4bc6ec0df4b0d2a,0
9a74a4889bc84924a67c7982070811e5,0
debc64c2b40d4210b03f35019b6369c2,0
f2ca9f81e74d4df0a8aa97995d20dc60,0
e87172640ea94ad1af7f0184a8b44bbc,0
f84ba241934548b0ac093219925aaa0b,0
19e53e76b64246c29b7b3363d01843f8,0
e3c3b676457643e5a5035efcd92ba202,0
ce015c510d964e649f303d5187b69ee7,0
345b8018d5fb4011b6f4849aab24ed15,0
3c14195be17f443198486daf6697b08d,0
82dd65b6ddfc412bb70c2d9dbb9e00a7,0
83dfef376a4f434fbf2be187c98e658a,0
2833fbfa757a4d7cb2b00bee3351c372,0
2c109007987e458d88b80010496b40f9,0
7ed45c3571be428c96e2d66c87d10c1e,0
2cba85c8b2334c7f89a0d09226e73df1,0
b7a7e037cd0e4bf089d997758daf19d2,0
b81a382fb92640799fb350900abdccea,0
ec4e666e82f64fa9bbe75bb68123ab1a,0
aee2ed74435d4f4ba2ace8808d30ba5c,0
cf3b0d9afb854b8787f8ffc51429c3bd,0
06f811fac3dd45089b8bf3adc6be6998,0
fc85d30e149047229ba52a0c19b3fe24,0
1a4bd6b27de04faf8676710ff3fce1d3,0
6a910b097ac34c098552bf0288ead694,0
740674141b7743b2a6a6d6329772c5c8,0
bdfe3bbea72043d6aee9c56a9353b57c,0
f91a0092a87c492e9ac772008ee25909,0
bfd304ef956844e489faa71273f9c701,0
0db4181833a845b0bc8f436515855f68,0
27676776938e46458dd4b63576f4c7aa,0
46f854efd43f42c884ee030b63a43313,0
5707d4807d9c4aac9100f4d780e64b65,0
8976e05e25e84f5ab70d2fd7053c6b25,0
95d0139a8ad0493bbef50bfa8483d146,0
c9331fcd239f4907aedc22bf57e74466,0
e2a0895e1f3e4ad69f1194e344ace788,0
b25247165943432cb0fedb37ac3c1cf1,0
f24d3df0b02d45849b1726f2777bb9f1,0
a26bcf65660941c7b2eee90d406cafe6,0
5deb3af56c2641fcbb692844b9bcfe19,0
d08ae54eb8604084974184a01afdd527,0
d83d52bed8f640fc94f4077c7df397d0,0
2afef1ddacb1423ca9cdb3a3413d408f,0
9d840fd26cc3445aa0bd57896e782c5d,0
bc9a10e7466a49fba40cd52fe675dddd,0
f71155321afb487aa9e16156d5e6621a,0
6326acd94afa4c0590ea65e9e7d59ebe,0
173a46f185db459b89bb9ce66800327b,0
afc693c88be2472e9548494e351870af,0
93fb770990344c2e92242a753f26d96b,0
892c5ef5eb3242399893e94af35b0145,0
e1d5d339471d4bd69fc50b6eaad763cf,0
bca44eaac0c14a099bb2600a7c4594d1,0
a08961594a3449f0b41ad7d8166ab94a,0
09b15864857d4926959f36278ee90c3d,0
7e5c16faeec24ad591afb0e7c70287a1,0
8f73295e99ea4f7eba252a7da351e2db,0
ea289a0811ca46638c563a75f9c10853,0
d9caed28548547f49bc12cb99eff9075,0
6398c1f406854a1293c9af14afc18047,0
6e2bd9c1c34c4108a57003ee98fd69aa,0
870f8a4ed7714180bbd7bbecd2d4f07f,0
acf9b796edc14e3984974c87830365ec,0
e6d725f7cb5c40178111b371d7d6f44f,0
c95e654fca95496585a39cac1f029956,0
029197a2ba1a4099bee244d47923caf3,0
50eb6a69528348df8d16f5c6d6172386,0
69a126afdda7468f8b984e1a24075732,0
0ffbb1abeb8342a9ab355b5a3afea448,0
5c4a8a3420154b3ab05f416421c3f8dc,0
b1599cf53dad4d02906e609d10208a74,0
8f3fb654af164ad6a01ff09dd389718e,0
65ab2762a89446feacc88e78310c1870,0
069285c8dc6f489fbe73362379f6e2d6,0
6bfaa9ac5bfd4b6780225921c4eff259,0
0ee80892469149c2b313ead06f7f46cb,0
100fda771d7d48d0ada26f915eb74b77,0
135938987bf04eb78821e5bf9cb64fae,0
62255a447d4b429494d6eebaf3083f49,0
3c1088295e454ed5ac1ac8a4908accac,0
3d398274988f49e38a6b83fa9a44c8ea,0
bf4a7a269855407292f3425ea43f6470,0
c595aaa06162465ba854c1e2184e9b51,0
23a8447e6bf74b5699d32a8c772f24e7,0
bb288dc3e4d24d63af51b33598005110,0
d556dc8a1ed3465cb90917f86c52812b,0
b56b4bb73f974819ab61b6f817de7c6a,0
c5d773a89d7f485bbeb2e68423022233,0
7abf4190e1ac43e8ad7ff422858fe4a0,0
31086ced71054e5e8d88e4b9294ce386,0
60844f0cf5dd4056be98dee240a393d2,0
5c87023e2c0d4e5795c7116512bc1467,0
6ebf8fdd071c4bceaa2709585b9f7ff5,0
adae23ac0ee54142be0795c2752dfc7e,0
0fe06bf500974043af3a581acb6d2f42,0
b6057435dd4f485fa5e4a49c14691ac3,0
a15e05874b974663a2f6359ac9732448,0
558400aadf504f2ba64a58e5bf03b8ae,0
2b2a11dd0d224694872ad9533cc7144a,0
b5a535af691e45a5b20530dafa615108,0
e7d9c28a321c4174a85834445fe3b1c0,0
9d8a6050d8d740978b9eabf65cfd9fb5,0
c3c567df8664411dbb46d1ead046a249,0
d53132a24c1045bea9a8bf81e072dc3f,0
10d80f96d2b24c7fa14154a537d05e2f,0
acdbbe398c1e4f868b1cba7e18e74d43,0
5828b60dde9a464a98e393321c551479,0
51b16b15a7a94accb5c1f5f6642a2206,0
0e3181d01ff844618faad356ad9801c4,0
81db4d0fae2d451f856ec7ed05738b07,0
b6331a392050423686fe910fd009ab79,0
6fb3ef5ffae64a8ca45d90e3de14bcb0,0
c8538bf53681401bb1322d91e8e1e032,0
ef056bc5a3b4472aa11cbb4ac28bd73e,0
07d49a6b98d54cf5bf04fbdbc368af74,0
60dbc3ef132042c1a1aa3cdc8251c5d8,0
7dc5dd1c6ec34670a3e2578b2deebd8e,0
91cd7ae2cb424fa8bf8a2cf7c334f594,0
9bde2d48dc57443690dbda93f5c4eee6,0
dc02a3e9b4104df7ad0d887ffd5a39cf,0
0c184fd5ad7f47f2965bb0cd79e58377,0
60787d2b109d4e8981c9207fbbc56330,0
3b5a86e3a5584681bacc392ab1f2e30e,0
d3ae3cdd8bbe462aa24497643e9f8ce7,0
f72648bf46af4ab1b9deebad279d111f,0
caa9e50aac84482b854c7a6a90aa0252,0
52589e03bd09453b9e4acb370e36dab0,0
5991cbdf7b8b4f4bbc20a74717e8d6a2,0
0113281b3cef43b3abc188731c1a74d1,0
114f140e1713416fab2a91c734ff0b1c,0
17a89b67587f49c393617f1209cff621,0
3b21807018df4bf58ae0826cbb072906,0
c96f25da6b1a48649782489043c74e4f,0
e346a4664e7047d7ae29ddc670885fb1,0
ca0e4be2e9384bc5b13830e8b2746832,0
94e55c1e1b534906bca6cd1cbbbbd5c2,0
6d75e406a7d74a0caea181ace1e637c5,0
8e001ffd658649a99899190e1e0b9237,0
d60ee5b07b124650b5211008c6b6c02c,0
2029cc2afc384e6da1ce00f2f013a102,0
2a53a518e61945d29d3362b291847533,0
b7786fd9c38044feb64a31967c93d3b6,0
6b273f47dd274d65b1c077464ec93ce8,0
fa1af0799d30496f8ffac4b428858844,0
3f3e56203ac34bd7a2f689b4430c377b,0
419076c7b5f149e7923be2d3120eb08a,0
6763d9145a9f4880916e92f6cfb556a4,0
2a114e4adfe34eb9a7d6aa7cc57db1dd,0
36cb420b25e545199cbaa9be4ba79c30,0
c1605b1d13b444f985cd37d95ce1cf66,0
5bd8431b05aa458d8d6a0442fd3d84b3,0
9c6a85fe031b4c6e904621d4c60b5657,0
1d5a6e093d474e85af2add01f938bbbe,0
ab30356270fc4dfdbeebcfc59987ef54,0
638e12ee269a46aabef785807ed6c86c,0
4ab06870d7b84bccbc7e152637f76937,0
07393aab4ed745b29d13d2b1c80f6627,0
8c69357b01a54056b56b269e223ef7f0,0
93acb87a6d6746bb9da08778d9527cbf,0
a706afefa9604c8d847fb1d142c867bd,0
3f6e39c8ab5242e891c8568bf8a62d54,0
f0396f928235480ebeaf5e1484f53474,0
849635f1179a4f698693c0b07520dd24,0
2308816e67544701ae364d79d3f8bddc,0
ed166e3e08bb4ef185cd2b67ccab7bfe,0
0c6b23d2ef8a468f866892df01b4c6bc,0
8470786cbab84305ad0a5dfbe3f5ff12,0
861e0e0e4d394ed7af0cb00bde8062b2,0
6938ad50b0cd47c597e002121d8e7eab,0
b5a992e81cd94ccf96e0449dedba10c0,0
8843c24b3ea24ed0808edc5c770f1b6e,0
da1da458852e4859b0e3d41b77f7fd61,0
3d2969f590f04e2581c6424862712cbb,0
3d92c24fc76347b8a5ac6470611b324f,0
6462c6e60ccf41b9bcd6a72701fb93b1,0
89310987c6f4454d9c04d39107e5c82e,0
b00e339cada941b38fa017ff05dfc529,0
65d3af7aeda142db9818aded2a3d0a9c,0
4654712499624cc297382b1979df23fe,0
37de2389be4c4263a4fe64d90a67c620,0
ba5c215d706d47cbb8c55eb1622a0686,0
5f0a572751e048f39e208c4c9a866923,0
3f851a7ac2374af68ba383a286ee89a7,0
3272ee00692a4076849c48b16335d1e2,0
45b373febcca450199bfa79875a3c65a,0
224eb557f5ed45e2831baecdaea82656,0
c1da1d5f736c4698b58acaf25bf022fb,0
a82beea597f742e38d94bdf8c75056d4,0
36b97c3a99ca4979a46442e0daf7a1f5,0
2e10b37a95ec4601ba064a4ca275a8f1,0
764cb60f876b4bc9820471cfd782a5fe,0
130e076845204704b9e4e227e8d6760a,0
9afefac6132a4c6fbd32eaddce0bf75c,0
cc9902d1b31c4cf1941b6092eae597c8,0
115cdb4402ec40aba8c57f9126bc8747,0
df5150d2771d4046811d615cb702b492,0
be35e6447a2042dba29802d7dadf9081,0
14b141a74c854b568634eef68093c8e6,0
0074550cb3a54f97b3eae9ed8f423a9f,0
3dbbc6d3081749f2998098fbb488f499,0
6abe07b1fe3140d0bafba9ebde22ceeb,0
53540be0748a4515b0f365b853dcd29f,0
ee61f4109dcf4f5fbbcd54a581059ca1,0
6a09dc8eaa0d4272a26449034c15afc3,0
e0396f0bef4e40aabb062e60543f65d2,0
bcbe788f96794f3c9d368bd86f56c936,0
87088ae6759a42d4979fc52e59537d8d,0
e41bbd107a5a44899e77677df755675e,0
57ea47529d0a487c9eaa047923bf86a9,0
891a28a04d8e479d86b396527ccbdcdc,0
4fb6d185d86c4bcab013b58ed22dc3a7,0
0624771871bf41b4b28a66112e091536,0
9a42403bd0514255a7f3b9ba017f2f8e,0
acfa4a012f714d3c9d89abb2d30031f3,0
55b469cf8ae84754a1d774bd57a94e10,0
a85d0cba6c654cbfa8525fb7e529b7de,0
9c4c8ce86a9d43ccb12824b12d61e832,0
d90fe62dac3f49e1ae2a09e0faa03582,0
babfc86010b249f39f186d3f35bcbb8a,0
302694f300634c0ab3bf967144596cb0,0
ea12e224795147c2872119019e1d3a79,0
f67be9bbaeb94b3dae8e85a2be1c0fd6,0
41c6cbb749f34294905300105153ec13,0
a800df663dc74122a4ca0283dd4b56ee,0
3b2284f65f7d45848add6d2067c37ce9,0
8a2ef7d93d194e80aaf3fc00746ee8ac,0
d88e37c0ad874173a98564de126ad091,0
9cc942055a824a0d9c1392671d861c1e,0
e49ddc884bc642ab8372f69f6e69d59a,0
77da41d61fc44f8199369b58f006c3f2,0
dc4cc47342d743b79fa2b51944f491fe,0
c2cdb6421dc4453f8bc2de98279f991e,0
3abc13924b6e426a92e5cb987b528e05,0
b5b8277954b14f7e9ece6d1e967db316,0
003dfac725d94fa6b1e27073d7564114,0
2ad9cbedac294420ba93c5a688c1267d,0
7641caff004b44e1aa39234be8a7c741,0
db76600f4cf0476ea2ecb6a20a3b7706,0
0b5088e8ff3a499b91e307f45b8ed760,0
b14610432da54eeea4b57a591dedcb47,0
57d6fb5881fe4069817afc125acd859d,0
42b780bd1ef145ceba452662c19b67b3,0
62d0cc79ab8e44149b78835397fcf8b7,0
4d368f79a6f44cf48bb6cd2a28db5f27,0
cfd07fe4bdb44223817d0e5a8db852be,0
b155285b6a2845e9b300c484a8002956,0
72bf1e4130d246b2a4c8573a8dc68ada,0
da4dc04b279b4712991e707fd640e581,0
f7713c4a494948b3b268358d6d804616,0
db90c65d5d694348abf51e0ea6cd389a,0
85d5070f95f540c9898a7dbf445abb90,0
193d4581a046475cb69548054025ac6f,0
d6b7d608a3d2431da3dac9f667e8df80,0
a8d38d54cf56485eb64d7100c1692963,0
fe5c3dcc09ab49fc9ffaa7e020c8e00b,0
095f597f146e4a6aa29fca8b96fdc620,0
fb69ccc78d6b440ba4c5f0fb153f9ca8,0
563e9563283a4907aec39d7d27b9ccd4,0
1a855c28fe7f400284a5484b6d972086,0
ad91262980514ca7af9275f18fe6b4a3,0
ea36bc895986468bb75d72a9e3705c07,0
ab8c60df6fcb4b7c85453f9b76996d12,0
b789d4dae82f4b92ba4340b9eaec438c,0
f13cf4824ca542a4b37b528f1d53406e,0
5ba3986bb61843a6adef61b8d05c3715,0
00e6816b651d4fd59627be67cb827b1b,0
7c5f1857f5c149428b07aed96cfbe0c3,0
e23fead719914aca92b4d5618e8597fe,0
ff7c5fbfee014f57a3a315cc7de9de85,0
6d79217edcf94af0a6ab2a3aa65e82c2,0
00c5d47619354f3183c5955adf66dedd,0
1b87c38ef0a8441fba47e051b3129ed2,0
29fc6fff043c402da68467e59792622c,0
9f41c46e7be04c0894aaa18ed36c944a,0
6c378322d3334f0789544d134dcefe0f,0
f889399e830246dea08f392d6ec30fc3,0
854e9b2e95a34439b71f424d0901496e,0
579a427ccd1447adb9b45eadf719a732,0
3c5f7cc21fa54d098661493f5b53590d,0
462dd4a8c4a64325bad2acfee4990d02,0
ec20d3d5d9284ee0bf897f20555f09fc,0
d85dda1526c249ffaa70c5b73f4ac280,0
de8570c7ade84f4bb43acce848c351d5,0
7bb8f7964e884b68bbdffb5c71aee937,0
d739369e61a44b57a2692d0fac4046ba,0
4901eafeb80b440abf555852e773db05,0
5d2029e7443344aea53b89b7622ffa6a,0
da21b8874cba4d4bad7f361cd9fd3eeb,0
339d0f62401a4a26a9e3e7885b8b87dd,0
804cbc1866d14316b04bcb6fe2a37c50,0
503351b1b2c3461b8f9c0f01a1adfb6e,0
56c4fced274848e295abfe3859954ff7,0
a58492958b0f4c7dbeb24f6054bcdfc8,0
4ea4d5beb0d8471e915b3a93484e5474,0
4abd8498bdce4fbb90ff0e5a98604bea,0
04e7f7a7c7b64caa85fd9b92eb594440,0
8847a39c9bc84f02b7159bc1ad0ea4b4,0
ed45709ee9ba4573847949b2eaa78f20,0
7dac8fb002014372803984d1d10b6e52,0
baabc51eaab44dc7882902958d6f620f,0
29fada5fad604d6389a13f0345210058,0
9b976c9f033646ef81b34bbc9683292a,0
879df645d9bc43a2bc99c780099e9f90,0
f94952f4f3834b1bb4984d0d25a3c692,0
7fb1b2ae26074a588ef6651a9ee677b1,0
ba8cfe4d1e364621bbcc51582efa590b,0
aca10c2f2a224fb9ad50f1805165defe,0
e0df7677e6504d639c66d1744c23a588,0
a7cb4f735c7e45faa14e2be9530d2c94,0
737e88a2380345b788ce8f1c8cba3175,0
ff3e05dbe5124cc0a41f85ba059813e0,0
70504671dc4a4e07bf959cfc884af5ba,0
a9c4e28398904bcfbaa12218ecee8296,0
214dd2a799c3408e956009f5985dd346,0
f1989132efff41198a0b1a419fbe0545,0
d906c74f176345cfb2d23f937b6b7ecc,0
4ab375e72a9b49719b9968f721443718,0
a6bd920134f84a73afcf4386fd6f58b2,0
b9f01f528bd24184971226638f95c9ca,0
dab1f917f2454d95ba5047de34928218,0
bb525e2833d64f1caa11d8534cd5574d,0
26f044b04d154fb58f7e02356ae4658b,0
bb670e881d4b40569795a9f2dbc5120f,0
bb6efbd8467648a4b25122dae956c2f1,0
d651aa4d77934e4a9c4c4241787b66ba,0
649987696577471ea41829a1c9319be5,0
495edc5bdd3b40e696e56b802aadf69c,0
a95e2b4413534b5b88c6423f2339f57b,0
c9560255223d45ee921eb48ca247e618,0
0cef978df5034632a5c3512aa5e1fb93,0
823002317f8843b481f6836afee4b011,0
055fa6ee0edb4de1b456c268318c00b3,0
20050fc88c8349308a447972624253a8,0
8564eae20a794c15a9a816f1cf32f8e3,0
f2f1c9e275614c539ba865b2d1c85af2,0
6c1ebf48165e41368a4553b7825e4204,0
f5e800d199084a09bae0125dccf646c5,0
989f5be7fbaa42e2a05aef92329dcee4,0
7702c4933a6d4c3e91c0549952ba35d7,0
7bd1d05c03ab4e88b3884d71e80ae54f,0
0c374514508a4bebb894378fdb617faf,0
b87ae937899545969abf44753b774264,0
1b91cf0f3d0347b69783c001bb923229,0
15f1a9ca74564cb7923e4cb06c17a3e4,0
4a08f08b8d8b44448aac0bcd478cc847,0
65945e2d9e204e00b4c9b11fafe26807,0
64070f47382d46b99b5ec8419e85f3c8,0
2f40a18e95164141a7e6e35436be622b,0
8e802e5909d841a29cbc5267730b7737,0
10836ecd8d8e44efad4bca62d98ca0fe,0
015782dbbbb649faad6eb500edaa842b,0
0e735fe3d58b458591905690a97d2831,0
1bf42e6ffb74460d8c67f2fb5e6ac7be,0
b10f4e8be2c4435597c2ce586b811524,0
9fd022f9eda6493fa5d8fb87a20fc627,0
d11ffbee5970469fb39c1bfb0611b67e,0
d1dd0c0fa4ee41beb538bc3007fe0b96,0
ac83b6bfea6b409abdca8eb40636d825,0
edd78d7328d746fea809bd236a3ee9f5,0
306f80f0284542df95e6b1710fd69b2f,0
e67db0b7b01d44ef9e18e522c9c2e464,0
260db1a4f447452fb2786a04e8eb1027,0
56f04f6fba5247e0b92ef72a1b83db97,0
b13f86e7f33d48d0a0c3d6dde32f4e44,0
8575559094974a52ba548508a53cb265,0
61b8999e9210438aa2d876d055137af2,0
165e3a8aeba34b408e90426d136155a8,0
0e51a9d480a94a66b663913c11381493,0
54d185f853e14b9d963f0b19fd15fd9d,0
6619eff65eaa4f19a0d537dc21b1e0ad,0
c3897f2a9faa426d8fb8f03cb35e1be2,0
e8067a6d3a1f4fadb84a0eebf292af6c,0
0cf5ab22c0e943fa803385b21d1067a6,0
e4d807b6b2dc463e983c9b1be0170369,0
00b4270d0cdd4cf2b7049b4813f0caf5,0
ea6fbe164e30441c9d166c8689a2e1cc,0
be90895970a647c2bbd77c8e78cd1428,0
8288fcb9814642b8bcc76a48213af439,0
7ebaa144cf5147b2bf0d76c7b1ef9f19,0
c2ef0aec806e42e6b53c0718279ed9b0,0
9f9525d3c4854a458f44b12f628beef6,0
d0dbfcf505a3499f9489f376b6355ee8,0
61ae0995f7044bf18444cc3a48bd51b0,0
6584bfeff7d94db3ae9a6e65c495ca42,0
4711e067e8d64e3480d99c0de16c0155,0
94deec33580343e8ace42261c0f543ef,0
8d614039dd1e4cb6b7b6e6189fa57d73,0
a73cbec53706467cb554a3c840de26ca,0
47e0bd3b36244f1f94fd758c4b932291,0
bbb6ac39bda0469b860fdbd89bdba994,0
efba7b69a1274217b7b262587b555273,0
b13410075e444a52a3386036ff8cc62c,0
a8a14d72b9ae4ab5803f036946b7aef2,0
21d797e9f1914d27b9f1edd2178f228b,0
8952a788e74048718187cee1b11f72c2,0
69a62bf032304196a4868f4b8b57468a,0
22355b40e6c04f069c640cda5d320ef6,0
